Tweet ID,Tweet_count,Username,Text,Created At,Retweets,Likes
1848886052007600370,1,Alex,Basement #WWWY https://t.co/rSw0ueYb0z,Wed Oct 23 00:36:00 +0000 2024,0,0
1848885943597433313,2,K8 ğŸ±âœ¨ğŸƒ WWWY 1&2!!!,"@youthdotmp3 me during saves the day: ""ilu toba the tura""",Wed Oct 23 00:35:34 +0000 2024,0,1
1848885733152502061,3,victÃ³ria,@gustavosva_ o wwwy me passa uma vibe de bagunÃ§a nao sei descrever kkkkkkkkkk,Wed Oct 23 00:34:44 +0000 2024,0,0
1848885681340174656,4,pedro,"@gustavosva_ Pensando melhor aqui, acho que iria de Outbreak. Mas o WWWY seria um sonho tb",Wed Oct 23 00:34:31 +0000 2024,0,0
1848885643918688658,5,K8 ğŸ±âœ¨ğŸƒ WWWY 1&2!!!,you guys I'm so close to being reunited with my beautiful angel baby child howl (and also brisket but she's used to this),Wed Oct 23 00:34:22 +0000 2024,0,1
1848885281019371932,6,Daisy Grenade Updates!,"ğŸ¥| Daisy Grenade via IG Reels ğŸŒ¼ğŸ’£

â€œa quick PSA for a select few ğŸ˜

#whenwewereyoung #wwwy #wwwyfest

ğŸ¥ jamiehriceâ€ https://t.co/5MILQYM8KN",Wed Oct 23 00:32:56 +0000 2024,0,1
1848885268671021124,7,Raelee @ WWWY DAY 1 & 2,@megmeloser Ooh I gotta look,Wed Oct 23 00:32:53 +0000 2024,0,0
1848885255106630041,8,âœ§ğŸ‡,i donâ€™t care that wwwy got it it shouldâ€™ve been MEâ€¼ï¸,Wed Oct 23 00:32:50 +0000 2024,0,0
1848885207337734514,9,Victorique | åœ°ä¸‹,seeing all the ptv clips from WWWY gives me post concert depression and i wasnâ€™t even there https://t.co/nHz3E47Uu8,Wed Oct 23 00:32:38 +0000 2024,0,0
1848885164018893122,10,jensen ~WWWY 19TH!!~,I love fall out boy https://t.co/MxcRbkw2Xv,Wed Oct 23 00:32:28 +0000 2024,0,0
1848884923941204195,11,spooky andy ^-^ misses wwwy.,scene five by sws save me,Wed Oct 23 00:31:31 +0000 2024,0,0
1848884774019961333,12,Raelee @ WWWY DAY 1 & 2,"Sugar, Weâ€™re Goinâ€™ Down is one of the greatest songs ever written.",Wed Oct 23 00:30:55 +0000 2024,1,0
1848884772359081993,13,jonny fafa,WWWY was magical,Wed Oct 23 00:30:55 +0000 2024,0,0
1848884715861708812,14,Raelee @ WWWY DAY 1 & 2,The one time I knew a photographer got me at the barricade it could never find the photo â˜¹ï¸,Wed Oct 23 00:30:41 +0000 2024,0,1
1848884655287578639,15,dandara,quero ir pra warped tour but also quero ir pro wwwy do ano que vem but also quero ir pra todos os show do wallows na latam but also quero fazer uma eurotrip but also,Wed Oct 23 00:30:27 +0000 2024,0,1
1848884399028212184,16,Alex,Chiodos #WWWY https://t.co/XiWVxK8FRc,Wed Oct 23 00:29:25 +0000 2024,0,0
1848884335375749487,17,K8 ğŸ±âœ¨ğŸƒ WWWY 1&2!!!,"@youthdotmp3 literally have had a ""the final boss of wwwy is a performance of razia's shadow in full"" tweet in the drafts for days",Wed Oct 23 00:29:10 +0000 2024,0,1
1848883753583513993,18,Kristen ğŸ¦¦,@meredithxhurley just know you all have hitters on the east coast who would do anything  for the legendary ladies on wwwy&lt;3 https://t.co/mopQvkvDzD,Wed Oct 23 00:26:52 +0000 2024,0,1
1848883329849860112,19,Alex,Motion City Soundtrack #WWWY https://t.co/8jTsmiOjz6,Wed Oct 23 00:25:11 +0000 2024,0,0
1848883281535897896,20,alex misses wwwy ğŸ˜­ğŸ˜­,@catboygerard THANK YOU PLIVIA,Wed Oct 23 00:24:59 +0000 2024,0,1
1848883243611000952,21,Jessy ğŸŒ¿,Man after seeing all these WWWY posts I wanna go next yearğŸ˜­ğŸ˜­,Wed Oct 23 00:24:50 +0000 2024,0,0
1848883163092721946,22,Nicoleâœ¨,i canâ€™t stop thinking about wwwy gerard way,Wed Oct 23 00:24:31 +0000 2024,0,0
1848883138845388912,23,Gabrielle,WWWY Fest looked amazing my 15yo self is imploding,Wed Oct 23 00:24:25 +0000 2024,0,0
1848883131077578762,24,chloe ğŸ¦‹,i donâ€™t care that people saw ptv play collide with the sky at wwwy it should have been me,Wed Oct 23 00:24:23 +0000 2024,0,0
1848883022445121559,25,e.,deixa eu ir la fazer a besteira de ver o novo do mcr no wwwy e sofrer PQ ESSES FDP NAO VIERAM ESSE ANO,Wed Oct 23 00:23:57 +0000 2024,0,0
1848882957538484556,26,britt (Ë¶â€¾á·„ â»Ì« â€¾á·…Ëµ),"broke: the academy isâ€¦ shouldâ€™ve been at wwwy

woke: forgive durden shouldâ€™ve been at wwwy https://t.co/7bdDHVKnM7",Wed Oct 23 00:23:42 +0000 2024,0,1
1848882857722167322,27,jenna is meeting dnp âœ®ãƒ„,starting a rumor that dan and phil got married at wwwy,Wed Oct 23 00:23:18 +0000 2024,0,3
1848882739606405546,28,alex misses wwwy ğŸ˜­ğŸ˜­,YALL THATS ME AND MY FRIENDS OH MY FUCKING GOD,Wed Oct 23 00:22:50 +0000 2024,1,1
1848882737140170810,29,s,Still super sad I missed out on MCR at WWWYğŸ’”ğŸ˜“,Wed Oct 23 00:22:49 +0000 2024,0,0
1848882695549403622,30,Thatâ€™s Wild Amanda! ğŸ’œ Missing FOB WWWY,This is how you lean into it ğŸ™ŒğŸ»,Wed Oct 23 00:22:39 +0000 2024,0,0
1848882688704274879,31,alex misses wwwy ğŸ˜­ğŸ˜­,@catboygerard OH MY GOD,Wed Oct 23 00:22:38 +0000 2024,0,1
1848882483229810979,32,jensen ~WWWY 19TH!!~,"this is our problem btw, it's not school appropriate (even though we are literally in high school, like get over it) https://t.co/stSNqY3aoV",Wed Oct 23 00:21:49 +0000 2024,0,0
1848882324944880115,33,sam halen.,I napped (still tired) and now Iâ€™m watching the sappy parts of videos from bands that played at wwwy in tears bc the early 2000 2010â€™s scene was forever the best era. I lived in nostalgia all weekend and this is probs one of the happiest weekends Iâ€™ve had in a very long time!,Wed Oct 23 00:21:11 +0000 2024,0,0
1848882320381468920,34,alex misses wwwy ğŸ˜­ğŸ˜­,@catboygerard PLEASE PULL THROUGH FUCKKKKK,Wed Oct 23 00:21:10 +0000 2024,0,1
1848882279537410446,35,K8 ğŸ±âœ¨ğŸƒ WWWY 1&2!!!,went to go listen to commit this to memory on the plane and realized I didn't download it bc I listen to it front to back all the time and wanted to save room on my wwwy playlist for stuff I needed to brush up on ğŸ˜­,Wed Oct 23 00:21:00 +0000 2024,0,1
1848882277612458471,36,alex misses wwwy ğŸ˜­ğŸ˜­,@catboygerard ARE YOU SERIOUS,Wed Oct 23 00:21:00 +0000 2024,0,1
1848882239997632793,37,reid ğŸ«§ missing wwwyf 18,GUYS OLIVIA JUST CLUTCHED WE MAY HAVE A VIDEO OF OOMFCHELLA ON THE JUMBOTRON DURING CENTURIES AT WWWY,Wed Oct 23 00:20:51 +0000 2024,0,2
1848882224508137530,38,sim | forever bulletproofâ· | WWWY might 2,Frerard nation come get your crumbs #wwwy #wwwy2024 https://t.co/88Ifl1Ne96,Wed Oct 23 00:20:47 +0000 2024,0,0
1848882130442690593,39,"ğ“»ğ“¸ğ“¶ğ“ªğ“·ğ“½ğ“²ğ“¬ğ“ªğ“µğ“µğ”‚ yours, mike ğŸ¦‡",@strwbrrygashes_ i heard it was a british gc for wwwy idrk if im right ğŸ˜­,Wed Oct 23 00:20:25 +0000 2024,0,0
1848882077783232587,40,alex misses wwwy ğŸ˜­ğŸ˜­,@pwtennisclub I'm literallt doing this rn,Wed Oct 23 00:20:12 +0000 2024,0,0
1848881963022553555,41,zoe ğŸ¦–ğŸ± | wwwy day 1+2!,@pwtennisclub no because iâ€™m literally doing this rn,Wed Oct 23 00:19:45 +0000 2024,0,0
1848881610176995674,42,marina @ WWWY,mind you this is how the quilting sub responded to an actual protest quilt https://t.co/bpLuZ3zf9c,Wed Oct 23 00:18:21 +0000 2024,0,6
1848880947980374502,43,jensen ~WWWY 19TH!!~,I can't listen to this song anymore bc I asked my teacher to play fall out boy and this song was on the playlist and I feel like my teacher hates me now https://t.co/qFlqHjIdik,Wed Oct 23 00:15:43 +0000 2024,0,0
1848880800864854482,44,Abby MuÃ±oz,"https://t.co/Z3tMdSKMzC Not Rock &amp; Roar, but I just got back from When We Were Young and it's one of my favorite things I've ever gotten to experience, ever. I documented my whole experience in that link.

That's all. ğŸ–¤ #WWWY #whenwewereyoung #emo https://t.co/9vUeIHR3IK",Wed Oct 23 00:15:08 +0000 2024,0,0
1848880736188960897,45,Sophie IS MEETING DAN AND PHIL AFTER 12 YEARSğŸ‰,if those motherfuckers skipped wwwy to get married somebody will need to 51/50 me im not joking,Wed Oct 23 00:14:52 +0000 2024,0,3
1848880552998535253,46,prettyspookysoldierğŸƒ,"Saw soooo many couples at WWWY fighting about what they were going to see, whining about wanting to leave something early, or just pouting beside their enthusiastic partner, and truly if you are that codependent and petty YOU ARE NOT MATURE ENOUGH FOR A RELATIONSHIP!!!",Wed Oct 23 00:14:09 +0000 2024,0,0
1848880340552847464,47,zoe ğŸ¦–ğŸ± | wwwy day 1+2!,@meredithxhurley we will always fight for yâ€™all,Wed Oct 23 00:13:18 +0000 2024,0,0
1848880312815947940,48,â€¢HYPOHIXâ€¢ DBDâ€™s HUZZAH! ğŸ’€ğŸ”,"While i appreciate the interest people who didnâ€™t know gerard way has toward this few day of wwwy but some were pretty much out right being such a dick, just b you didnâ€™t know them it doesnâ€™t mean they are unknown to the rest of the world",Wed Oct 23 00:13:11 +0000 2024,0,0
1848880245522436320,49,Taylor Robinson,Iâ€™m still recovering from their wwwy sets I donâ€™t have the emotional capacity to deal with this ğŸ˜­,Wed Oct 23 00:12:55 +0000 2024,0,3
1848880163892957556,50,Victoria Met Kellin Quinn & Pete Wentz looked @ me,@SWStheband I had so much fun seeing you on tour and meeting you #swsalbuquerque and #WWWY (Held barricade since 1:30PM)  Thank you for always putting on an amazing show!!! ILYSM â¤ï¸â¤ï¸â¤ï¸ https://t.co/HKGljkGq7E,Wed Oct 23 00:12:36 +0000 2024,0,0
1848880127939383396,51,â˜½â˜¾,Ya dejÃ©n de subir tiktokâ€™s del WWWY no estoy soportando https://t.co/TRDDnDFumB,Wed Oct 23 00:12:27 +0000 2024,0,0
1848879753086046331,52,Apple Juice ğŸ”œWWWYF,"Na Na Na by My Chemical Romance @WWWYFest 
10/20/24 #MCR #MCRWWWY #MCRWWWY2 #WWWY #wwwyf #wwwy24 #mychemicalromance https://t.co/h7BxIcNm7T",Wed Oct 23 00:10:58 +0000 2024,0,0
1848879609632460920,53,Cam Cotham,"These WWWY folks saying TBS wasnâ€™t good liveâ€¦ ğŸ¤£

BRO, they werenâ€™t even good on the album ğŸ˜‚

I never got Taking Back Sundayâ€¦
Not gonna happen.",Wed Oct 23 00:10:24 +0000 2024,0,0
1848879587754971440,54,. ğ”ğğ‡ğğ‹ğ˜ â‚Šâ€§ê’°áƒ â™± à»’ê’± â€§â‚ŠËš,MY FAVORITE CUSTOMER WORE THE CUSTOM BRACELETS WE MADE HER TO WWWY. IM FUCKING CRYING https://t.co/f4d2GLCIUH,Wed Oct 23 00:10:18 +0000 2024,0,0
1848879399929844230,55,Kaylee (josh duns version)ğŸ“¸,SOMEONE PLS GIVE ME DAY ONE  WWWY THE WONDER YEAR PHOTOS PLS,Wed Oct 23 00:09:34 +0000 2024,0,0
1848879388743614671,56,Death Ally,"@meredithxhurley Meredith - all the ladies at WWWY deserved to be there, and frankly, deserved better than early sets with conflicting times. Thank you for all you do and for being so kind to everyone who came up to you and your husband. We love you &lt;3",Wed Oct 23 00:09:31 +0000 2024,0,3
1848879093322027454,57,catch MEG if you can,my fave activity has been reading the missed connection posts on the wwwy reddit,Wed Oct 23 00:08:21 +0000 2024,0,0
1848878965404131450,58,JackğŸ³ï¸â€âš§ï¸ğŸ³ï¸â€ğŸŒˆğŸ‰,@rott1ngr3venge That's fucking awesome I was yapping to my sibling about wwwy and I'm 99% sure they were ignoring me the whole time,Wed Oct 23 00:07:50 +0000 2024,0,0
1848878850526384374,59,angie ğŸ«§ğŸ¬ WWWY DAY 2,thank you juul settlement https://t.co/Gw0almOeLS,Wed Oct 23 00:07:23 +0000 2024,0,8
1848878840967504154,60,van,@judemustdie_9 if i was in charge of wwwy id have crankthatfrank headlining &amp; interviewing emo frontmen. it wouldve been glorious sigh,Wed Oct 23 00:07:20 +0000 2024,0,1
1848878797665538489,61,the walls colLEEN in to listen âœ¨,@wristsintact him wearing this *slightly* made up for the marauder being wwwy exclusive,Wed Oct 23 00:07:10 +0000 2024,0,0
1848878768817066417,62,taylor,me at WWWY ğŸ’€,Wed Oct 23 00:07:03 +0000 2024,0,0
1848878720335114727,63,Thatâ€™s Wild Amanda! ğŸ’œ Missing FOB WWWY,@Sashuke25 I am so happy I got to meet you on Sunday! ğŸ«¶,Wed Oct 23 00:06:52 +0000 2024,0,0
1848878487119204671,64,â˜†Folie Ã  Deeâ˜† misses WWWY,@viintagemisery my biggest fear actually,Wed Oct 23 00:05:56 +0000 2024,0,1
1848878407876321598,65,â˜†Folie Ã  Deeâ˜† misses WWWY,"@filmonvinyl get pete wentz in a room with me, 10 of my oomfs, and a baggie of shrooms and heâ€™s coming out a woman",Wed Oct 23 00:05:37 +0000 2024,0,1
1848878119182352557,66,â˜†Folie Ã  Deeâ˜† misses WWWY,@hesbianpw every time i get a joanna interaction my heart grows 3 times,Wed Oct 23 00:04:28 +0000 2024,0,1
1848877950139306391,67,â˜†Folie Ã  Deeâ˜† misses WWWY,me taking about pete wentz,Wed Oct 23 00:03:48 +0000 2024,0,3
1848877943810060666,68,the elder emo,Thinking about My Chemical Romance playing Blood at WWWY ğŸ¥¹ğŸ¥¹ğŸ¥¹ğŸ¥¹,Wed Oct 23 00:03:46 +0000 2024,1,19
1848877892023029995,69,Andrew Rivas,@TDWPband Restock on the Reptar shirt also or was that a WWWY Exclusive due to Plagues being played?,Wed Oct 23 00:03:34 +0000 2024,0,1
1848877760892309868,70,theo â™¡ is recovering from wwwy,@theacademywas_ my top lip is going to die soon,Wed Oct 23 00:03:03 +0000 2024,0,1
1848877729774698704,71,cody :) (going to wwwy!),now is not the time for that man https://t.co/zq4cFNWlE4,Wed Oct 23 00:02:55 +0000 2024,0,1
1848877673956974802,72,â˜†Folie Ã  Deeâ˜† misses WWWY,@astairepilled my lips are gonna fall off i think,Wed Oct 23 00:02:42 +0000 2024,0,1
1848877605791142144,73,â˜†Folie Ã  Deeâ˜† misses WWWY,@viintagemisery brendon and gabe are like evil loud ass brothers,Wed Oct 23 00:02:26 +0000 2024,0,1
1848877562501693793,74,cat !! meeting dnp ğŸ±ğŸ«§ SAFE FROM SPOILERS,if it wasn't for someone filming the entire set and livestreaming it to Instagram I'd never have been able to experience wwwy so I'm grateful for people filming sometimes,Wed Oct 23 00:02:16 +0000 2024,0,1
1848877519199736077,75,â˜†Folie Ã  Deeâ˜† misses WWWY,@filmonvinyl I NEED THEM OUT IF MY REPLIES IM TALKING TO MY OOMFS HERE ğŸ¤¬ğŸ¤¬ğŸ¤¬ğŸ¤¬,Wed Oct 23 00:02:05 +0000 2024,0,1
1848877383769792735,76,theo â™¡ is recovering from wwwy,@theacademywas_ YES OH MY GOD,Wed Oct 23 00:01:33 +0000 2024,0,1
1848877380162752621,77,Zay âŠ¬,I was geeking out about mcr at wwwy today by making my bf watch their performance and he enjoyed every minute of it i love that man sm,Wed Oct 23 00:01:32 +0000 2024,0,0
1848877108686426312,78,Yen ğŸ³ï¸â€ğŸŒˆ ğŸ³ï¸â€âš§ï¸,people saying daisy grenade didnt deserve to be at wwwy oh ok!! alright! https://t.co/RYFCjd7s0z,Wed Oct 23 00:00:27 +0000 2024,0,0
1848877076004430227,79,ğ˜¾ ğ™Š ğ™Š ğ™‹ ğ™€ ğ™,"BEGGING did Anybody at WWWY WWWYF get a video of Cobra Starship performing Scandalous!!!
BEGGING FOR A FULL VIDEO.",Wed Oct 23 00:00:20 +0000 2024,0,39
1848876986187583823,80,Raelee @ WWWY DAY 1 & 2,Stop giving Bob Bryar attention. Heâ€™s a racist piece of shit trying to cling to his fading relevance.,Tue Oct 22 23:59:58 +0000 2024,0,0
1848876660701139189,81,ZğŸ¦§ WAS AT WWWYF,So ig I saw Jeffree Starr at wwwy and had no idea until today,Tue Oct 22 23:58:41 +0000 2024,0,0
1848876485572235584,82,alex misses wwwy ğŸ˜­ğŸ˜­,I want that cookie so effing bad,Tue Oct 22 23:57:59 +0000 2024,0,1
1848876475342328273,83,â™¡ï½¥Ëšâ‚Š*à±¨à§ *âœ§:*,this is the me feeling FOMO seeing everyoneâ€™s posts about WWWY fest https://t.co/1qbf9JmZ0l,Tue Oct 22 23:57:56 +0000 2024,0,1
1848876085523653115,84,ollie ğŸ«¡ TIT PHILLY 28/11 AND WWWYâ€¼ï¸,@ihrtlester like what are we supposed to do here,Tue Oct 22 23:56:23 +0000 2024,0,1
1848875693582819839,85,â­ï¸ carley â­ï¸,seeing bracelets from wwwy.... i might make a few for the idkhow show im going to but idk (heh) if bracelets are big for idkhow,Tue Oct 22 23:54:50 +0000 2024,0,0
1848875470152208465,86,Ê• â€¢á´¥â€¢Ê”ï¾‰ izzy | wwwy ğŸª,A whole row to myself so i can watch 3 movies at once,Tue Oct 22 23:53:57 +0000 2024,0,0
1848875465668497706,87,iva ğŸ‰ ğŸ”œ WWWY,this aint a scene is their highest charting single for a reason,Tue Oct 22 23:53:56 +0000 2024,0,2
1848875070489546871,88,ollie ğŸ«¡ TIT PHILLY 28/11 AND WWWYâ€¼ï¸,they will do anything but game in the gaming channel,Tue Oct 22 23:52:21 +0000 2024,0,1
1848875038247948360,89,alex WWWYâ€™24 ğŸ–¤,@SWStheband i will never forget that night! you guys were incredible and touched my heart!! ğŸ–¤,Tue Oct 22 23:52:14 +0000 2024,0,0
1848875005284913204,90,ã‚µãƒ–ãƒªãƒŠâ™ªâ™« MCR WWWY ğŸ¦‡,@kaymustdiex such a beautiful girl,Tue Oct 22 23:52:06 +0000 2024,0,1
1848874830525043160,91,isa,are there no videos of the wonder years performance at wwwy :(,Tue Oct 22 23:51:24 +0000 2024,0,0
1848874338474463680,92,Lauren Effect Kid | WWWY ğŸ±âœ¨,"@charlottes0phia I went yesterday to the one in the Fashion Mall and it was like a wonderland honestly ğŸ˜‚ I spent $55 on top of my 2 orders, which should have been $75 ğŸ™ˆ",Tue Oct 22 23:49:27 +0000 2024,0,0
1848873899393794314,93,â™± jay ğŸ—¡ï¸ğŸª¶ *67 WWWY !!!,@ambgatsby @fairypsychic @imoginasfs @AllyTHaley oh this is so ğŸ¥¹,Tue Oct 22 23:47:42 +0000 2024,0,2
1848873718594080865,94,grenade jasper @ wwwy d1,"@sandpiperrrr she didnâ€™t do most of the female backing vocals for the first few songs at least (i only caught part of the set), they had like 3 backup singers

so she may have been mouthing along i do think her voice is done",Tue Oct 22 23:46:59 +0000 2024,0,0
1848873606622917059,95,alex misses wwwy ğŸ˜­ğŸ˜­,@pwtennisclub MY PICS COULDVE BEEN SO GOOD I HAD THE BEST ANGLE AND THEN HE RUINED IT,Tue Oct 22 23:46:32 +0000 2024,0,0
1848873250815938814,96,alex misses wwwy ğŸ˜­ğŸ˜­,@pwtennisclub I hate him,Tue Oct 22 23:45:08 +0000 2024,0,0
1848873028039676025,97,â˜†Folie Ã  Deeâ˜† misses WWWY,@bilveez ALL MEN DO IS LIE,Tue Oct 22 23:44:14 +0000 2024,0,0
1848872851077734898,98,alex misses wwwy ğŸ˜­ğŸ˜­,@ballwithpee I miss them,Tue Oct 22 23:43:32 +0000 2024,0,1
1848872802448990481,99,freya!,Running off two hours of sleep and an edible time to edit these wwwy photos https://t.co/NpFCnI0RV4,Tue Oct 22 23:43:21 +0000 2024,0,0
1848872646240571446,100,â˜†Folie Ã  Deeâ˜† misses WWWY,@fvoriterecord REAL,Tue Oct 22 23:42:43 +0000 2024,0,1
1848872543144579434,101,(â€¢Ì€á´—â€¢Ì)Ùˆ,wwwy awakened a deep desire to see them on tour again,Tue Oct 22 23:42:19 +0000 2024,0,0
1848872511628579046,102,single serving tÃ¸ry is NOT @ WWWY ğŸ‰,just fought for my life so hard on the toilet im questioning my attraction to men,Tue Oct 22 23:42:11 +0000 2024,0,1
1848872469635207402,103,alex misses wwwy ğŸ˜­ğŸ˜­,No fob tomorrow or the day after that or the day after that or next week or for who knows how long https://t.co/gRC3NUeETL,Tue Oct 22 23:42:01 +0000 2024,0,1
1848872300613145081,104,â˜†Folie Ã  Deeâ˜† misses WWWY,@meredithxhurley every tongue that rises against the women who preformed at wwwy will fall,Tue Oct 22 23:41:21 +0000 2024,1,21
1848872278207172844,105,alex misses wwwy ğŸ˜­ğŸ˜­,My entire tl is emma having a daisy grenade themed breakdown,Tue Oct 22 23:41:16 +0000 2024,0,1
1848871730640785605,106,Raelee @ WWWY DAY 1 & 2,Itâ€™s in shonen jump!!!!! Itâ€™s not that hard to understand!!!,Tue Oct 22 23:39:05 +0000 2024,0,0
1848871726790414797,107,Raelee @ WWWY DAY 1 & 2,Yall when the mangaka known for writing fucked up stories about dark topics writes another fucked up story about dark topics https://t.co/SbVEaW0g8y,Tue Oct 22 23:39:04 +0000 2024,0,0
1848871390587634156,108,Lauren Effect Kid | WWWY ğŸ±âœ¨,@charlottes0phia I didn't get my initial email despite checking repeatedly. Mine apparently arrived on Thursday but I only found Saturday when my notification about only having a few more days to collect came through ğŸ« ,Tue Oct 22 23:37:44 +0000 2024,0,1
1848871251458330704,109,kat,In a perfect world Ryan Ross would have played a fever you canâ€™t sweat out at wwwy fest,Tue Oct 22 23:37:11 +0000 2024,0,0
1848870979633877268,110,ğŸ‚ ollie :3 ğŸ•·ï¸ WWWY 10 / 19,@z_unforch OMG I HAD THE SAME EXPERIENCE even during fob no one was moving except for me and two other people we were all jamming together and everyone else was DEAD. it sucked,Tue Oct 22 23:36:06 +0000 2024,0,0
1848870957441839302,111,ğŸ‰,I'm so sad i wasn't at wwwy but i still win because Japan got the best Gerard outfit https://t.co/cqv5khubwF,Tue Oct 22 23:36:01 +0000 2024,0,2
1848870926416486678,112,a.d.,on mcrtwt in the hotel post wwwy,Tue Oct 22 23:35:53 +0000 2024,0,3
1848870817368838212,113,falloutbelle,Lucky for me I wasn't waiting in that fuck ass wwwy line so ya girl saved so much money not going to the merch tent mwahahaha,Tue Oct 22 23:35:27 +0000 2024,0,2
1848870761597145152,114,mega | saw mcr at wwwy,@sweatybigbird tiny GIRLFRIENDS,Tue Oct 22 23:35:14 +0000 2024,1,1
1848870727040307630,115,alex misses wwwy ğŸ˜­ğŸ˜­,@pwtennisclub Peber 2 apples tall,Tue Oct 22 23:35:06 +0000 2024,0,0
1848870722057433301,116,ğŸ«§ shelbi on high ğŸ± â¡ï¸ WWWY DAY 1 âœ¨,@checkyesmegan ğŸ˜­ğŸ˜­ğŸ˜­,Tue Oct 22 23:35:05 +0000 2024,0,0
1848870592189239612,117,grenade jasper @ wwwy d1,sugar is still the song ever and i will die on this hill,Tue Oct 22 23:34:34 +0000 2024,0,2
1848870563332452590,118,Raelee @ WWWY DAY 1 & 2,@AbsoluteSuprman @jb141_ @xaviert31505512 This is an insult to 3rd graders tbh,Tue Oct 22 23:34:27 +0000 2024,0,0
1848870519749415243,119,mega | saw mcr at wwwy,@duncneydonuts please take care of yourself hon :(,Tue Oct 22 23:34:16 +0000 2024,0,0
1848870514401714687,120,meow!!,this was about prob about wwwy itself probably they'd straight up tell us if they were disbanding,Tue Oct 22 23:34:15 +0000 2024,0,3
1848870501399335285,121,ğŸ‚ ollie :3 ğŸ•·ï¸ WWWY 10 / 19,@planetarygeaux ğŸ˜§,Tue Oct 22 23:34:12 +0000 2024,0,1
1848870434282082357,122,single serving tÃ¸ry is NOT @ WWWY ğŸ‰,@meredithxhurley trust they WILL be dealt with. girls in the scene will have both ur backs for fucking ever,Tue Oct 22 23:33:56 +0000 2024,0,3
1848870387331055639,123,lexi is meeting daniphiw,thereâ€™s someone who went to the wwwy concert on my plane rnâ€¦â€¦..,Tue Oct 22 23:33:45 +0000 2024,0,1
1848870323221106900,124,belis,TUDO sobre o wwwy me dÃ¡ um fomo ABSURDO inferno quando vi aquele video do vic fuentes cantando hold on till may com a jenna eu chorei rios E OLHA que eu jÃ¡ vi o ptv ao vivo,Tue Oct 22 23:33:30 +0000 2024,0,0
1848870152647151930,125,à¿â„­ğ”ğ”£ğ”£ğ”¢ğ”¦ğ”«ğ”¢ â„­ğ”¬ğ”­ğ”°à¿,"No youâ€™re sobbing to Hawthorne heights speech before singing Ohio is for lovers at WWWY, not me!!! You!!!!!",Tue Oct 22 23:32:49 +0000 2024,0,6
1848870104144220226,126,ollie ğŸ«¡ TIT PHILLY 28/11 AND WWWYâ€¼ï¸,iâ€™m done with their gay shit /j https://t.co/oVr0DDpSDl,Tue Oct 22 23:32:37 +0000 2024,0,0
1848870051241509319,127,alex WWWYâ€™24 ğŸ–¤,@aflair4themolly OMG WHERE WAS THIS??!?,Tue Oct 22 23:32:25 +0000 2024,0,0
1848869702019518709,128,ğŸ‚ ollie :3 ğŸ•·ï¸ WWWY 10 / 19,@valtheripper_ oh my god im so sorry val ğŸ«‚ i'm sure your cat will find a way back,Tue Oct 22 23:31:01 +0000 2024,0,1
1848869563922059305,129,ğ€ğ¬ğ¡ğŸ§ƒ,@unknown_dem0lvr The fact this is happening after WWWY ğŸ˜­ bro is sooooo jealous.,Tue Oct 22 23:30:29 +0000 2024,0,2
1848869308614774817,130,Unregistered HyperCam 2,@Liffhappens hiiii I filed a claim with you guys and havenâ€™t heard back what is the expected turnaround time for WWWY attendees?,Tue Oct 22 23:29:28 +0000 2024,0,0
1848869130889531509,131,Craig James & The Hawthorns,"Times Like These.

#poppunk #punk #emo #elderemo #music #wwwy #whenwewereyoung #acoustic #sad https://t.co/CicZXSCZp0",Tue Oct 22 23:28:45 +0000 2024,0,0
1848868982390198490,132,Johnny ğŸŒ»ğŸ‡ºğŸ‡¦ğŸ‡µğŸ‡¸,"Seeing footage from WWWY is making me super fucking nostalgic, and contemplating a flight to Vegas for the next one.",Tue Oct 22 23:28:10 +0000 2024,0,2
1848868754362630345,133,melinağŸ³ï¸â€ğŸŒˆğŸ‡¦ğŸ‡²,@razr2therosary @sickofimagery I have no idea! Iâ€™m the one who made the video and I did not repost it around WWWY for â€œcloutâ€ or â€œattention.â€ it just happened to get traction now. what happened happened and it was my experience.,Tue Oct 22 23:27:16 +0000 2024,0,4
1848868747785998595,134,Kate/Kas â†¯ âœˆï¸ WWWY,"@W0RLDDEVASTAT0R Thereâ€™s this band In Minneapolis called VIAL 
They give scene queen vibes a little bit (more lyrically than sound wise)",Tue Oct 22 23:27:14 +0000 2024,0,1
1848868694509949295,135,Vero Ramos,"My Chemical Romance - When We Were Young 

ğŸ“¸by me. IG: @vrrms 

#mcr #WWWY #GerardWay #mychemicalromance #MCRfanart https://t.co/eZmhTDc5KY",Tue Oct 22 23:27:01 +0000 2024,0,2
1848868443703152723,136,quinnie,a little late but here is my WWWY fit :) https://t.co/GTjYzarVcf,Tue Oct 22 23:26:01 +0000 2024,2,45
1848868375520546887,137,mega | saw mcr at wwwy,@ellebowcos IT REALLY IS GOD ğŸ˜­ğŸ˜­ğŸ˜­ğŸ˜­ğŸ–¤ğŸ–¤â™¥ï¸ğŸ–¤ğŸ–¤â™¥ï¸ğŸ–¤â™¥ï¸ğŸ–¤â™¥ï¸â™¥ï¸â™¥ï¸â™¥ï¸,Tue Oct 22 23:25:45 +0000 2024,0,0
1848868352078581958,138,falloutbelle,"Vegas was magical. Buying wwwy tickets across the country, we didn't know what we were getting ourselves into. This just shows that being spontaneous and jumping on opportunities can create some of the best memories you could think of.",Tue Oct 22 23:25:40 +0000 2024,1,8
1848868267034804625,139,mega | saw mcr at wwwy,"@Flour_TheFlowey she feels waaayy more like a 16 y/o here too like just a kid whoâ€™s trying to give off the illusion of having it together (she does not) 

sheâ€™s my BABYYYYY",Tue Oct 22 23:25:19 +0000 2024,0,0
1848867942475448602,140,catlovr ğŸ¦‡,day after wwwy day 2 I feel sad it's over but now I crave a sws and ptv concert,Tue Oct 22 23:24:02 +0000 2024,0,0
1848867921927540777,141,â˜†Folie Ã  Deeâ˜† misses WWWY,@ayla471 @EXOTIK_HOUZE https://t.co/Pnvk9BZU6a,Tue Oct 22 23:23:57 +0000 2024,0,0
1848867818252734515,142,â˜†Folie Ã  Deeâ˜† misses WWWY,"so like,,,,,,,when do you think weâ€™ll have fall out boy again â˜¹ï¸ https://t.co/vqi8iGLdWL",Tue Oct 22 23:23:32 +0000 2024,1,8
1848867562198905187,143,iva ğŸ‰ ğŸ”œ WWWY,@JOTADlO https://t.co/p5pjrhdtCE,Tue Oct 22 23:22:31 +0000 2024,0,0
1848867467634106523,144,â˜†Folie Ã  Deeâ˜† misses WWWY,@danisnotafrog i forgot chapstick so i felt like this diva the whole time https://t.co/cXVNSPpn2z,Tue Oct 22 23:22:09 +0000 2024,0,1
1848866711577235631,145,quinn â¸†â¸‰ ğŸ¦‡,i saw like 5 people wearing wwwy merch in the airport im gonna scream,Tue Oct 22 23:19:08 +0000 2024,0,0
1848866699568894353,146,quinn â¸†â¸‰ ğŸ¦‡,idk whatâ€™s worse the fact that i didnâ€™t get to go to wwwy or the fact that i didnâ€™t go to wwwy and im in vegas rn. literally 2 days after it ended.,Tue Oct 22 23:19:06 +0000 2024,0,1
1848866659207155784,147,ryan ğŸ³ï¸â€âš§ï¸,"wait i'm so good at this

mcr you wanna do a full US so bad
wwwy you wanna announce next years lineup so bad
the serotonin molecules in my brain you wanna work so bad",Tue Oct 22 23:18:56 +0000 2024,0,3
1848866656799625574,148,judeğŸ± (spn4u),@stchawyscaraprt they need to put you in charge of wwwy.. that would have been crazy,Tue Oct 22 23:18:55 +0000 2024,0,0
1848866167362097573,149,zoe ğŸ¦–ğŸ± | wwwy day 1+2!,never rewatch your concert videos youâ€™ll cry,Tue Oct 22 23:16:59 +0000 2024,0,5
1848865608177512957,150,melissa ğŸ™„,am i the only person who got covid from wwwy,Tue Oct 22 23:14:45 +0000 2024,0,0
1848865597440045270,151,sabs,"There's an emo running my gym that didn't get to go to WWWY fest 
Cause why is PTV playing rn LOL",Tue Oct 22 23:14:43 +0000 2024,0,0
1848865497363968148,152,ellağŸ¦‡ is daydreaming,@theblqckparade went through a whole character development bcz of wwwy gerard,Tue Oct 22 23:14:19 +0000 2024,0,1
1848864844977705418,153,ğ”ğ”¢ğ”©ğ”¦ğ”°ğ”°ğ”,"WWWY 2024 ğŸ’œğŸ–¤ 

#wwwy #wwwy2024 #mcr #foreveremo  
#emogirls #theused #altgirls #emomusic https://t.co/01MR0qglsH",Tue Oct 22 23:11:43 +0000 2024,0,0
1848864811733721515,154,joelle !?,travie mccoy at wwwy again and i wasnt there again! love that!,Tue Oct 22 23:11:36 +0000 2024,0,0
1848864302922682627,155,m âœ¶,"@yutapants ""not a single soul is going to rewatch those videos"" literally everyone wants to see videos from wwwy.",Tue Oct 22 23:09:34 +0000 2024,0,1
1848864297017086101,156,destany,i shouldve been at wwwy ğŸ˜­ğŸ˜­ğŸ˜­ğŸ˜­ğŸ˜­ğŸ˜­ğŸ˜­ğŸ˜­ğŸ˜­ğŸ˜­ğŸ˜­ğŸ˜­ğŸ˜­ğŸ˜­ğŸ˜­ğŸ˜­ğŸ˜­ğŸ˜­ğŸ˜­ğŸ˜­ğŸ˜­ğŸ˜­ğŸ˜­ğŸ˜­ğŸ˜­ğŸ˜­ğŸ˜­ğŸ˜­ğŸ˜­ğŸ˜­ğŸ˜­ğŸ˜­,Tue Oct 22 23:09:33 +0000 2024,0,0
1848863849673564166,157,â˜†Folie Ã  Deeâ˜† misses WWWY,@alifiadwis @NurtureDr1 https://t.co/Iy40uG4Reu,Tue Oct 22 23:07:46 +0000 2024,0,0
1848863844615262279,158,zoe ğŸ¦–ğŸ± | wwwy day 1+2!,have yall heard this https://t.co/z7tNsWZk9V,Tue Oct 22 23:07:45 +0000 2024,0,2
1848863770220892481,159,ThalğŸ•¸ï¸ IS MEETING DNP,Bandom is so back #wwwy https://t.co/iUGgAHYCj1,Tue Oct 22 23:07:27 +0000 2024,10,32
1848863636426793168,160,vv,"WWWYã«å‡ºãŸéŒšã€…ãŸã‚‹ãƒãƒ³ãƒ‰ãƒãƒ³é”ãŒè‡ªåˆ†ã®å¥½ããªFOBã®æ›²ã‚ã’ã¦ã‚‹å‹•ç”»è‰¯éãã‚‹

Emo Bands Pick The Best Fall Out Boy Song https://t.co/qzc7LXK0q1 @YouTubeã‚ˆã‚Š",Tue Oct 22 23:06:55 +0000 2024,0,0
1848863405287047634,161,Lauren,Of course shout out to all the rad emos at WWWY but also shout out to all the Vikings fans who were cool to me when they saw my hat. ğŸ˜‚,Tue Oct 22 23:06:00 +0000 2024,0,2
1848863359514669471,162,â˜†Folie Ã  Deeâ˜† misses WWWY,@iamtucker28 @HippieWolff https://t.co/9gRsOtSxox,Tue Oct 22 23:05:49 +0000 2024,0,0
1848863322021785761,163,â˜†Folie Ã  Deeâ˜† misses WWWY,@HanHanoon12 @BlueMagicMush https://t.co/6ZvcXxDiWQ,Tue Oct 22 23:05:40 +0000 2024,0,0
1848863244964024784,164,ryan ğŸ’« WWWY ğŸ”®,@archivecowboy my legs still hurt,Tue Oct 22 23:05:22 +0000 2024,0,1
1848862822299799883,165,Danaware Punch / è«‡,ACABO DE ENCONTRAR A LA ESCRITORA DEL FANFIC QUE ESTOY LEYENDO RN EN TIKTOK?!!! ELLA ESCRIBIENDO EL PROXIMO CAPITULO EN EL AEROPUERTO DESPUES DEL WWWY? UNA REINOTA,Tue Oct 22 23:03:41 +0000 2024,0,0
1848862700010672391,166,Raelee @ WWWY DAY 1 & 2,@BlueJayontheRox @daisygrenade Pierce the Veil played it.,Tue Oct 22 23:03:12 +0000 2024,0,0
1848862623531733333,167,Third String Entertainment,"Couldn't make it to WWWY to see @UnderoathBand ?

We got you! They will be in Dallas at @gilleysdallasÂ on 10/30 performing 'They're Only Chasing Safety' in its entirety + a fan voted set along with support from @staticdressÂ ğŸ¤˜ğŸ”¥ https://t.co/XztMdf75Mb",Tue Oct 22 23:02:54 +0000 2024,0,1
1848862421236256983,168,Bomb Rush Hyperpop,Came across a video of someone rating the bands they saw at WWWY Fest. They gave Four Year Strong 5/10 and Simple Plan 9/10. I'm now banned because I told them to die,Tue Oct 22 23:02:06 +0000 2024,0,0
1848862208316575768,169,geoff 2,"Been listening to alot of the wwwy bands lately, knowing thatâ€™s exactly what Awsten listened to growing up AND NOW THINGS ARE CLICKING!!! WHAT A BEAUTIFUL SONG FAI2 IS !!!!",Tue Oct 22 23:01:15 +0000 2024,0,1
1848861951600074759,170,ğŸ’—,me at wwwy,Tue Oct 22 23:00:14 +0000 2024,1,6
1848861723459260595,171,julia is at WWWY,thereâ€™s no way weâ€™ve avoided brendon urie the entire time weâ€™ve been in Vegas only for Ready to Go to play at the airport. Like yes sir Iâ€™m ready to go Iâ€™m afraid of you,Tue Oct 22 22:59:19 +0000 2024,0,0
1848861375025844262,172,kaijo ğŸ¸ WWWY was CRAY,@aflair4themolly RAJJHHHHHHHHH https://t.co/f0dcsIT6T6,Tue Oct 22 22:57:56 +0000 2024,0,0
1848861288769982829,173,Ê• â€¢á´¥â€¢Ê”ï¾‰ izzy | wwwy ğŸª,@DJShenny Another banger,Tue Oct 22 22:57:36 +0000 2024,0,0
1848861208314843461,174,WWWYğŸ¥€lambğŸ’½ğŸ©¸,my mom said that the reason gerard didnâ€™t say a proper goodbye on night 2 of WWWY is because theyâ€™re not done performing yetâ€¦.. i think sheâ€™s feeding my delusionsâ€¦,Tue Oct 22 22:57:16 +0000 2024,0,0
1848861118493823251,175,kaijo ğŸ¸ WWWY was CRAY,@rainbowbatsy 4K FUCKKKRNEKRNKR,Tue Oct 22 22:56:55 +0000 2024,0,1
1848861096406667452,176,nadine,"i will say as someone who attended multiple years of warped tour as a little teen, wwwy REALLY surprised me with how well managed it was",Tue Oct 22 22:56:50 +0000 2024,0,0
1848860922271698992,177,crap bag,I so badly incredibly deeply regret not changing my flight last weekend to stay in Vegas and weasel my way into WWWY. It might kill me.,Tue Oct 22 22:56:08 +0000 2024,0,1
1848860661335605500,178,â˜†Folie Ã  Deeâ˜† misses WWWY,@simplmath @mycowylie https://t.co/GuyNjcVBWV,Tue Oct 22 22:55:06 +0000 2024,0,0
1848860626401292717,179,Nicoâœ¯ lvs Freddy,Vic en wwwy https://t.co/ywRAInatay,Tue Oct 22 22:54:58 +0000 2024,0,0
1848860500115001386,180,â˜†Folie Ã  Deeâ˜† misses WWWY,missed the opportunity to reference music or misery so i changed my instagram caption https://t.co/svl3qXgHTf,Tue Oct 22 22:54:28 +0000 2024,0,7
1848860467026108499,181,ğŸ’«,wwwy over letâ€™s make daisy grenade superstars  https://t.co/tJPCjHvb2r,Tue Oct 22 22:54:20 +0000 2024,0,0
1848860410516320338,182,jack â˜† WWWY DAY 2 :D,"@XgetbusylivingX last tour it was 100 per show, probably the same for this one?",Tue Oct 22 22:54:06 +0000 2024,0,2
1848860282594144512,183,spooky andy ^-^ misses wwwy.,@on_with_theshow ?!?!?!,Tue Oct 22 22:53:36 +0000 2024,0,0
1848860264441254167,184,spooky andy ^-^ misses wwwy.,@on_with_theshow me :3,Tue Oct 22 22:53:31 +0000 2024,0,0
1848860257856168088,185,spooky andy ^-^ misses wwwy.,@on_with_theshow https://t.co/fhvsq8WkAU,Tue Oct 22 22:53:30 +0000 2024,0,0
1848860182375501936,186,spooky andy ^-^ misses wwwy.,@on_with_theshow haiii :3,Tue Oct 22 22:53:12 +0000 2024,0,0
1848860152927293592,187,spooky andy ^-^ misses wwwy.,@on_with_theshow LMFAO,Tue Oct 22 22:53:05 +0000 2024,0,0
1848860124070486499,188,Samuel Ashford,literally me all wwwy weekend except i didnâ€™t talk to anyone new and didnâ€™t meet anyone and just vibed https://t.co/64wj3MP5Nc,Tue Oct 22 22:52:58 +0000 2024,0,0
1848860073399095798,189,NAT.,Right before Sleep - night 1â€¦ #wwwy #MCRWWWY https://t.co/Cwae14YFzZ,Tue Oct 22 22:52:46 +0000 2024,0,4
1848859476478333386,190,â˜†Folie Ã  Deeâ˜† misses WWWY,need to take shrooms with pete wentz one day. that actually will fix me,Tue Oct 22 22:50:23 +0000 2024,2,21
1848859345704128998,191,DIO @ WWWY Festival,The health inspector is sweating https://t.co/sxvdybiv21,Tue Oct 22 22:49:52 +0000 2024,0,2
1848859310312550588,192,mega | saw mcr at wwwy,my girls: tiny edition https://t.co/bEzJSuirEg,Tue Oct 22 22:49:44 +0000 2024,6,29
1848859048575439320,193,mega | saw mcr at wwwy,"@stagedorky i agree!! it makes me wonder what td would have looked like if it were cel animated

ik thatâ€™s soooo much more work/more expensive than using flash puppetsâ€¦but the storyboards are adorable",Tue Oct 22 22:48:41 +0000 2024,0,1
1848859039834509538,194,bert misses wwwy day 1!,@bobbryar hey bob miss ya,Tue Oct 22 22:48:39 +0000 2024,0,0
1848858946536411580,195,â˜†Folie Ã  Deeâ˜† misses WWWY,@romancandlheart my lips are coated in vaseline and theyâ€™re still cracked and bleeding ğŸ˜­ğŸ˜­ğŸ˜­,Tue Oct 22 22:48:17 +0000 2024,0,1
1848858771923329504,196,zoe ğŸ¦–ğŸ± | wwwy day 1+2!,no one understands how hard i fuck with danger days like it was my first cd that i ever owned and my mom had to ban me from playing it out loud while i was in middle school bc i played it so much. sydney can attest to how i reacted when they played na na na on sunday,Tue Oct 22 22:47:36 +0000 2024,0,4
1848858767066337669,197,â˜†Folie Ã  Deeâ˜† misses WWWY,canâ€™t wait till i turn 21 cause then i can FINALLY attend emo bingo (unless scarlet has one thatâ€™s all ages or 18+ before i hit 21),Tue Oct 22 22:47:34 +0000 2024,0,2
1848858689647874546,198,Alex Ll,@HopintheCordoba @WWWYFest One street vendor suckered a few people into buying shirts from the first wwwy lmao,Tue Oct 22 22:47:16 +0000 2024,0,1
1848858639072956441,199,mega | saw mcr at wwwy,iâ€™m trying very hard not to rt all the storyboards with courtney in them but LOOK AT HERRRRRR. SHE IS SO SMALL,Tue Oct 22 22:47:04 +0000 2024,0,13
1848858602410545581,200,ollie ğŸ’¿ WWWY,"@theacademywas_ YES OMG and chapstick does NOT fix it, they keep bleeding tooğŸ˜­",Tue Oct 22 22:46:55 +0000 2024,0,1
1848858447661723709,201,ywr ğŸ«§,he meant wwwy and used lyricsâ€¦ can we calm down and not make any fuss about it?,Tue Oct 22 22:46:18 +0000 2024,0,0
1848858440166490449,202,bert misses wwwy day 1!,@HYPN0TICSPELLS i mean he was clearly tweaking so i hope for his children's sake he stops that.,Tue Oct 22 22:46:16 +0000 2024,0,0
1848858438220321022,203,ğŸ‚ ollie :3 ğŸ•·ï¸ WWWY 10 / 19,@illyjestmartwa2 @sa1ntofthedn1al its not :p,Tue Oct 22 22:46:16 +0000 2024,0,0
1848858435997339984,204,â˜†Folie Ã  Deeâ˜† misses WWWY,"yes,,,,,,itâ€™s on,,,,,,,,like donkey kong ğŸ˜€",Tue Oct 22 22:46:15 +0000 2024,0,3
1848858377558102413,205,jensen ~WWWY 19TH!!~,"@Stultaloquy @WWWYFest yeah me too, like meeting people from fob twt is so crazy, like you are a real person!!",Tue Oct 22 22:46:01 +0000 2024,0,1
1848858306963800172,206,ğŸ‚ ollie :3 ğŸ•·ï¸ WWWY 10 / 19,@HybridTheorist_ neither because its still bad,Tue Oct 22 22:45:45 +0000 2024,0,1
1848858247383683406,207,mega | saw mcr at wwwy,so cute,Tue Oct 22 22:45:30 +0000 2024,0,2
1848858243369775538,208,ollie ğŸ’¿ WWWY,@daisygrenade you guys crushed it as alwaysğŸ–¤ i canâ€™t wait for the next DG show,Tue Oct 22 22:45:30 +0000 2024,0,0
1848858187572838859,209,ğŸ‚ ollie :3 ğŸ•·ï¸ WWWY 10 / 19,@illyjestmartwa2 @sa1ntofthedn1al ITS NOT A BAD THING HYENAS ARE COOL,Tue Oct 22 22:45:16 +0000 2024,0,0
1848858094996164759,210,kaijo ğŸ¸ WWWY was CRAY,guys what do u mean i went to wwwy and was in vegas like what do you mean itâ€™s over,Tue Oct 22 22:44:54 +0000 2024,0,0
1848858007784096009,211,nadine,"@onlyobsessoveru thank you!! no worries that itâ€™s not from wwwy, iâ€™m just in awe at this specific set design ğŸ¥¹",Tue Oct 22 22:44:33 +0000 2024,0,1
1848857997981921411,212,zoe ğŸ¦–ğŸ± | wwwy day 1+2!,sorry to anyone that was around me during chicago on sunday because that song makes me a little bit insane not gonna lie,Tue Oct 22 22:44:31 +0000 2024,0,2
1848857676786372974,213,beef ğŸª±âœ¨,HYFR @MASSBROADCAST WAS AT WWWY https://t.co/H972FtRJqy,Tue Oct 22 22:43:14 +0000 2024,0,7
1848857664467636666,214,*it's courtney bitch*,@cemeterydriv I have these! Not from wwwy tho but you can pretend they are https://t.co/arvAQtA885,Tue Oct 22 22:43:11 +0000 2024,0,1
1848857608570224643,215,alyssa â˜… WWWY,THEY DID THIS JUST FOR ME BTW https://t.co/POar8Vw7Fm,Tue Oct 22 22:42:58 +0000 2024,0,1
1848857553234759707,216,Kate/Kas â†¯ âœˆï¸ WWWY,What my done food sees from inside the microwave https://t.co/57cbXkdVnl,Tue Oct 22 22:42:45 +0000 2024,0,2
1848857283733950518,217,Ê• â€¢á´¥â€¢Ê”ï¾‰ izzy | wwwy ğŸª,Both r bangers,Tue Oct 22 22:41:41 +0000 2024,0,2
1848857023544541568,218,zoe ğŸ¦–ğŸ± | wwwy day 1+2!,@offkey_anthem MOM JEANS omg even though i didnâ€™t get to see the full thing because i had to run to fob halfway through it was sooo good and iâ€™ve been meaning to see them forever,Tue Oct 22 22:40:39 +0000 2024,0,0
1848856872943788086,219,Courtney Mae â¤ï¸ğŸ‡ºğŸ‡¸,"Got douched with a redbull that Bert from The Used through and got a MCR tattoo at the WWWY festival over the weekend. 

Best day of my life!! https://t.co/1fdAxSKDho",Tue Oct 22 22:40:03 +0000 2024,1,15
1848856643922215120,220,The Dog Father,@SOTSPodcast This is 2017 WWWY erasure,Tue Oct 22 22:39:08 +0000 2024,0,1
1848856558824001700,221,Purple Cheeks Out Now,@starboyxcx me at wwwy a couple days ago,Tue Oct 22 22:38:48 +0000 2024,0,1
1848855933717500333,222,ğŸ‚ ollie :3 ğŸ•·ï¸ WWWY 10 / 19,@illyjestmartwa2 @sa1ntofthedn1al you kind of give off hyena vibes lowkey,Tue Oct 22 22:36:19 +0000 2024,0,0
1848855897126408231,223,rj,dapat may wwwy event din dito sa pinas,Tue Oct 22 22:36:10 +0000 2024,0,0
1848855879539691683,224,ğŸ‚ ollie :3 ğŸ•·ï¸ WWWY 10 / 19,@illyjestmartwa2 @sa1ntofthedn1al I DONT THINK IT IS,Tue Oct 22 22:36:06 +0000 2024,0,0
1848855806256787564,225,ğŸ‚ ollie :3 ğŸ•·ï¸ WWWY 10 / 19,@illyjestmartwa2 @sa1ntofthedn1al I DONT KNOW THATS WHY ITS FUNNY,Tue Oct 22 22:35:48 +0000 2024,0,1
1848855694998691855,226,ollie ğŸ«¡ TIT PHILLY 28/11 AND WWWYâ€¼ï¸,@flwrphil he has impeccable taste phil is soooo fineeee,Tue Oct 22 22:35:22 +0000 2024,0,1
1848855661809164342,227,angie ğŸ«§ğŸ¬ WWWY DAY 2,@offkey_anthem i thought pierce the veil was absolutely insane personally,Tue Oct 22 22:35:14 +0000 2024,0,0
1848855616955027766,228,â˜…,computer died while i was in the groove of working on wwwy second chapter the world hates me,Tue Oct 22 22:35:03 +0000 2024,0,0
1848855382846013901,229,ğŸ‚ ollie :3 ğŸ•·ï¸ WWWY 10 / 19,@sa1ntofthedn1al they are incorrect,Tue Oct 22 22:34:07 +0000 2024,0,1
1848855333655253383,230,ğŸ‚ ollie :3 ğŸ•·ï¸ WWWY 10 / 19,@FERMlNISTA speak it !!,Tue Oct 22 22:33:56 +0000 2024,0,1
1848855258161943041,231,ğŸ‚ ollie :3 ğŸ•·ï¸ WWWY 10 / 19,"@HybridTheorist_ op phrased it really weird , he made a gross suggestive joke towards a minor who looked a few years younger than she was at the time ( 2017 i believe )",Tue Oct 22 22:33:38 +0000 2024,0,2
1848855068092805543,232,ashley anderson,@daisygrenade you guys were sooooo good at WWWY!! great songs and great energy!!!,Tue Oct 22 22:32:52 +0000 2024,0,1
1848855055887438062,233,Pat Tweets About SMT Sometimes,@wicked_lena_ @cclax11 To be fair with how radio silent they've been on anything after the reunion tour you'd be forgiven for thinking it might since as far as I know they have nothing going on after WWWY. I don't think they're done but still,Tue Oct 22 22:32:50 +0000 2024,0,1
1848854532778078707,234,SombrereroğŸ©,Me quiero arrancar los ojos de tanto llorar viendo los vÃ­deos de WWWY,Tue Oct 22 22:30:45 +0000 2024,0,1
1848854456747888942,235,Onyx,@tubchunks especially with wwwy and the last couple of dnp tweets this is far too much,Tue Oct 22 22:30:27 +0000 2024,0,2
1848854310135718386,236,farmami,vendo o mcr tocar no show do wwwy e meu deu uma vontade sÃºbita de tatuar mas 4 tatuagens pra uma banda sÃ³ jÃ¡ foi o suficiente (se vierem pro brasil faÃ§o mais uma),Tue Oct 22 22:29:52 +0000 2024,0,3
1848854072612589853,237,Ê• â€¢á´¥â€¢Ê”ï¾‰ izzy | wwwy ğŸª,Vegas airport on some type of new torture method by playing panic at the disco on loop,Tue Oct 22 22:28:55 +0000 2024,0,1
1848853937883124083,238,meph ğŸ’¥ğŸ“,"still mad about the girl who i gave my WWWY beach ball to because she asked for it (I didn't want to hold it all night, plus ik i wouldnt really treasure it) only for her to immediately give it away to some fucking random person. Like what the fuck ğŸ˜­ğŸ˜­ it's ok tho I got the tape",Tue Oct 22 22:28:23 +0000 2024,0,0
1848853887807328440,239,bert misses wwwy day 1!,"@HYPN0TICSPELLS i appreciate your love for him! i don't want to argue either and hope you have a good one and im glad he has a fan in you, he needs love and support and help",Tue Oct 22 22:28:11 +0000 2024,0,0
1848853878378557452,240,alex misses wwwy ğŸ˜­ğŸ˜­,@sydney_blews I cant kill myself i have to wait for the next ihop oomfchella,Tue Oct 22 22:28:09 +0000 2024,0,1
1848853600191001001,241,bert misses wwwy day 1!,"@HYPN0TICSPELLS also it is 100000% is every bands responsibility to keep an eye on the crowd along with security and guests. its all our part to keep people safe. Even if he couldn't hear us (he could, he acknowledged we were yelling) he could have seen what was happening. i hope he gets help.",Tue Oct 22 22:27:02 +0000 2024,0,1
1848853230341788067,242,ğŸ‚ ollie :3 ğŸ•·ï¸ WWWY 10 / 19,@sa1ntofthedn1al @illyjestmartwa2 LOL ???,Tue Oct 22 22:25:34 +0000 2024,0,1
1848852892645732653,243,ğŸ‚ ollie :3 ğŸ•·ï¸ WWWY 10 / 19,@sa1ntofthedn1al ITS ALL BECAUSE OF LIVING IN THE 20S,Tue Oct 22 22:24:14 +0000 2024,0,0
1848852854133633444,244,ğŸ‚ ollie :3 ğŸ•·ï¸ WWWY 10 / 19,MISSING PTV SO SO BAD RN https://t.co/vZN1hla0f2,Tue Oct 22 22:24:05 +0000 2024,0,3
1848852648071467138,245,bert misses wwwy day 1!,@HYPN0TICSPELLS Adam didn't act or look even remotely like that on stage just a few years ago. i am not saying drugs to be mean. i am saying it because i know what people on drugs look like. i was so close to him i could see him tweaking out. i am concerned for him i love him :(,Tue Oct 22 22:23:15 +0000 2024,0,0
1848852404575306043,246,Hum HalleJulia ğŸ±ğŸ«§ Survived the Riot Pit ğŸ¤˜,Patrick having the time of his life at WWWY is my favorite thing ever,Tue Oct 22 22:22:17 +0000 2024,0,2
1848852308161138860,247,ğŸ‚ ollie :3 ğŸ•·ï¸ WWWY 10 / 19,@samfangz @bombdotcomv1 UGH EXACTLY LIKE THEY HAVE EVERY RIGHT TO BE UPSET,Tue Oct 22 22:21:54 +0000 2024,0,1
1848852238413988008,248,câ˜†nnoĞ³ ğŸ’¿,"Tags- 
#wwwy #WWWY #wwwy2024 #mychemicalromance #falloutboy #whenwewereyoung",Tue Oct 22 22:21:38 +0000 2024,0,0
1848852230079672349,249,â˜†Folie Ã  Deeâ˜† misses WWWY,@catluvsdnp UMA THURMAN ğŸ˜©ğŸ˜©ğŸ˜©â€¼ï¸â€¼ï¸â€¼ï¸ğŸ”¥ğŸ”¥ğŸ”¥ğŸ”¥,Tue Oct 22 22:21:36 +0000 2024,0,1
1848852163449262128,250,Lia| WWWY ğŸ–¤,@aaaavllll didn't catch bayside at wwwy but i did see them earlier this year and they were so impressive!,Tue Oct 22 22:21:20 +0000 2024,0,1
1848852146931839358,251,ğŸ‚ ollie :3 ğŸ•·ï¸ WWWY 10 / 19,youll never guess my favorite album https://t.co/ABsrQzzmJl,Tue Oct 22 22:21:16 +0000 2024,0,1
1848851822498214006,252,falloutbelle,This is just the fob crowd at WWWY,Tue Oct 22 22:19:59 +0000 2024,0,1
1848851813463920651,253,Lia| WWWY ğŸ–¤,@SEROTONINSEEKIN one hundred sleepless nights live was life changing,Tue Oct 22 22:19:56 +0000 2024,0,1
1848851798079283488,254,ğŸ‚ ollie :3 ğŸ•·ï¸ WWWY 10 / 19,@DYING0RLIVING he sounded so babygirl in this holy smokes,Tue Oct 22 22:19:53 +0000 2024,0,1
1848851626112811507,255,â˜†Folie Ã  Deeâ˜† misses WWWY,@mitskidata @knives4knights well yes â˜ï¸ sheâ€™s also one of my many wifes,Tue Oct 22 22:19:12 +0000 2024,0,17
1848851552926130310,256,Nicoâœ¯ lvs Freddy,Un poquito de apreciaciÃ³n a vic en wwwy horita lo pinto https://t.co/fbBiEeZTnc,Tue Oct 22 22:18:54 +0000 2024,0,0
1848851141314154573,257,ğŸ«§ shelbi on high ğŸ± â¡ï¸ WWWY DAY 1 âœ¨,"@iAshtastic yayyy, you got it! i have a knack for getting the ioh picture disc to people apparently. ioh, my beloved, my lucky charm. âœ¨",Tue Oct 22 22:17:16 +0000 2024,0,1
1848851064608723322,258,MSkera ğŸ§ğŸ§¡,pascroll scroll nalang muna sa wwwy page,Tue Oct 22 22:16:58 +0000 2024,0,0
1848851000767222086,259,Lia| WWWY ğŸ–¤,i took no videos last night but seeing alesana last night in AZ was so awesome now i can say that ive seen 2/3 albums in the trilogy live ğŸ™‚â€â†•ï¸,Tue Oct 22 22:16:43 +0000 2024,0,4
1848850911055184294,260,RayğŸ“ WWWYF2,"@A7AVANHALEN omg i wore her to wwwy,, it's so sad it's so hard to find listings forğŸ’”ğŸª²",Tue Oct 22 22:16:21 +0000 2024,0,3
1848850898178728329,261,ğŸ‘»ğŸƒ Stephanie ğŸƒğŸ‘»,@Dumblubird it's Mayday's WWWY shirt! The design on the back is so amazing,Tue Oct 22 22:16:18 +0000 2024,0,0
1848850847041564770,262,bert misses wwwy day 1!,"@HYPN0TICSPELLS hey so i totally get what you're saying however i was there and that was not normal for Adam in the slightest. i have seen tbs numerous times. i have also seen people on drugs. i am not saying this to be mean, i love adam and have watched him deteriorate in front of my eyes",Tue Oct 22 22:16:06 +0000 2024,0,0
1848850555529269371,263,ğ” ğ”ğ”¯ğ”©ğ”¢ğ”¶ å‡» ğ“†¦,Btw venganza has been my favorite Gerard look forever and I think thatâ€™s why his wwwy look was so special to me bc it reminded me of it wahhhhh,Tue Oct 22 22:14:57 +0000 2024,0,6
1848850229904519343,264,phoebe âšâ€¢âšŸ MET PETE,saw fob x10.5 in my bio bc i watched wwwy day 2 from outside the fence,Tue Oct 22 22:13:39 +0000 2024,0,2
1848850202029134173,265,vicğŸ§ªğŸ‡µğŸ‡¸,@cannibalr0mance ive seen sm on the wwwy disc server im soo jealousğŸ˜­ğŸ˜­ğŸ’”ğŸ’”ğŸ’”ğŸ˜­ğŸ˜­ğŸ’”,Tue Oct 22 22:13:32 +0000 2024,0,3
1848849968469033208,266,morg ğŸ¦‚â›“ï¸ğŸ…ğŸ•Šï¸ğŸ¦Š WWWY!,@thursdayclips @alienvampzoid I DONT LMFAO I JUST FOLLOWED U,Tue Oct 22 22:12:37 +0000 2024,0,2
1848849909912576212,267,ã‚µãƒ–ãƒªãƒŠâ™ªâ™« MCR WWWY ğŸ¦‡,@ninevoltheart 100%,Tue Oct 22 22:12:23 +0000 2024,0,1
1848849852685222080,268,yazz | ğŸ“–: relendo PJ,"tÃ´ vendo aq o show q o mcr fez no wwwy e pqp, como eu queria ter o cash pra comprar o ingresso e a passagem pra las vegas ğŸ˜­",Tue Oct 22 22:12:09 +0000 2024,0,0
1848849612263555551,269,"Romantically yours, The Ghost Of Teal",Every little thing that comes up about mcr's performance in wwwy is so beautiful to me I want to cry,Tue Oct 22 22:11:12 +0000 2024,0,0
1848849608790646894,270,zoe ğŸ¦–ğŸ± | wwwy day 1+2!,okay mcr itâ€™s time for you to do a show where you do a full album play through of danger days specifically for me,Tue Oct 22 22:11:11 +0000 2024,4,26
1848849588699963547,271,morg ğŸ¦‚â›“ï¸ğŸ…ğŸ•Šï¸ğŸ¦Š WWWY!,@thursdayclips iâ€™ll get back to you on this might have to take you up for one of them,Tue Oct 22 22:11:06 +0000 2024,0,2
1848849367857246551,272,hania,"se refiere a que ya terminÃ³ de subir las fotos del wwwy, BASTA de drama",Tue Oct 22 22:10:13 +0000 2024,0,0
1848849361750376825,273,Jon McBrine | YA Sci-Fi Author,"I went to the When We Were Young music fest in Vegas (my feet still hurt). My wife took all the good photos but I did manage to snap a pic of statues of fallen gods.
#whenwewereyoung #wwwy #seigfriedandroy #ripmirage #lasvegas #vegas #myfeethurt https://t.co/xVZWJ0LGSJ",Tue Oct 22 22:10:12 +0000 2024,0,2
1848849110654456190,274,Lia| WWWY ğŸ–¤,@songabtsunshine im so devastated that i wasnt able to catch them this weekend im glad you had fun!!,Tue Oct 22 22:09:12 +0000 2024,0,1
1848848971873346034,275,mace âš”ï¸ SEEING FOB/MCR @ WWWY,my heart rate when fob played get busy living this weekendâ€¦ https://t.co/VVCqqJSXM4,Tue Oct 22 22:08:39 +0000 2024,0,1
1848848659804574149,276,molly !! ğŸ§›ğŸ»â€â™€ï¸ WWWY D2,VIC AND CRAIG AS DJS?!?!? ISLES &amp; GLACIERS PLEASE!,Tue Oct 22 22:07:25 +0000 2024,20,105
1848848461397156332,277,jensen ~WWWY 19TH!!~,@Stultaloquy @WWWYFest it was awesome talking to you! I made this btw!! https://t.co/6RJ3G7rGJv,Tue Oct 22 22:06:37 +0000 2024,0,1
1848848212146458959,278,m ğŸ–¤,the fact that i spent $80 on merch at WWWY just for there to be typos on both shirts is insane ğŸ˜­,Tue Oct 22 22:05:38 +0000 2024,0,0
1848848107045331444,279,molly !! ğŸ§›ğŸ»â€â™€ï¸ WWWY D2,help the way tony liked my comment like at the same time i was busy holding his guitar we are like connected ğŸ¤,Tue Oct 22 22:05:13 +0000 2024,1,32
1848848070873911774,280,"fast, elegant & haunted",@mynamesawsten IT WAS THREE YEARS SINCE WE MET HER RECENTLY AND I FORGOT BC OF WWWY ğŸ˜­ this was literally the third day of her staying with us and she was already making herself at home. perfect sweet little creature how lucky are we that there are cats https://t.co/im6sRTmL2K,Tue Oct 22 22:05:04 +0000 2024,0,2
1848847679633428887,281,MCR5,@simonsfishtank Didn't you see how happy he was at WWWY?!!!,Tue Oct 22 22:03:31 +0000 2024,0,1
1848847607721804039,282,dia â‘‚ ğŸ«§âœ¨ ğŸ”œ wwwy day 1,this post concert depression has hands,Tue Oct 22 22:03:14 +0000 2024,0,1
1848847511383167118,283,spencer ğŸƒğŸ‘»,"man i canâ€™t even believe i was at wwwy and i saw the black parade played in full and it was so beautiful and life changing and i got to say â€œi am not afraid to keep on living, i am not afraid to walk this world aloneâ€ with thousands of other people and MEAN IT",Tue Oct 22 22:02:51 +0000 2024,0,0
1848847120469537061,284,"Romantically yours, DoliğŸ¦‡ğŸ¾",MCR CURSED ME IVE BEEN COUGHING NONSTOP SINCE WWWY NIGHT 1,Tue Oct 22 22:01:18 +0000 2024,0,1
1848847026416718097,285,rey,falar um negÃ³cio triste mas a probabilidade do MCR sÃ³ voltar pra esse festival do wwwy anualmente Ã© meio que alta nÃ© kkkkkkk jÃ¡ tÃ´ vendo o choro,Tue Oct 22 22:00:55 +0000 2024,0,0
1848846840277647524,286,Lia| WWWY ğŸ–¤,@suckyourbIood NUARRRR ğŸ’” https://t.co/YHgnxM6juH,Tue Oct 22 22:00:11 +0000 2024,0,0
1848846783516197095,287,geto apologist,MCR at WWWY this past weekend,Tue Oct 22 21:59:57 +0000 2024,0,1
1848846591907795375,288,iva ğŸ‰ ğŸ”œ WWWY,@offkey_anthem THANK YOU!!â€™ ALSO DUDE I JUST REALIZED WE FORGOT TO TRADE BRACELETS. CRYING,Tue Oct 22 21:59:12 +0000 2024,0,1
1848846537595428947,289,K8 ğŸ±âœ¨ğŸƒ WWWY 1&2!!!,@pwtennisclub https://t.co/cGUea0HaZW,Tue Oct 22 21:58:59 +0000 2024,0,1
1848846405227405321,290,âœ°âœ°âœ° Sin âœ°âœ°âœ°,"ğŸ©¸ ğŸ©¸ ğŸ©¸ 
#mcr #mcrwwwy #wwwy https://t.co/j8sHnbUsez",Tue Oct 22 21:58:27 +0000 2024,0,3
1848846340069199970,291,Lia| WWWY ğŸ–¤,@suckyourbIood CUTIEEEEE ğŸ«¶ğŸ¾ğŸ«¶ğŸ¾ğŸ«¶ğŸ¾,Tue Oct 22 21:58:12 +0000 2024,0,0
1848846042269434225,292,DIO @ WWWY Festival,ME https://t.co/SntyEh78I9,Tue Oct 22 21:57:01 +0000 2024,1,4
1848845691738853824,293,V,@SOTSPodcast Still crazy I was in Vegas during that whole week and had zero idea wwwy was planned,Tue Oct 22 21:55:37 +0000 2024,0,0
1848845689004146869,294,zoe ğŸ¦–ğŸ± | wwwy day 1+2!,@daisygrenade you killed it! literally such a good set omg,Tue Oct 22 21:55:36 +0000 2024,0,0
1848845323751551277,295,â˜†Folie Ã  Deeâ˜† misses WWWY,@thankspete55 REAL,Tue Oct 22 21:54:09 +0000 2024,0,0
1848845075729813564,296,single serving tÃ¸ry is NOT @ WWWY ğŸ‰,does anyone wanna be in a saosin/ls dunes/thursday/circa survive (and similar bands) GC :3,Tue Oct 22 21:53:10 +0000 2024,0,6
1848845015470247969,297,iva ğŸ‰ ğŸ”œ WWWY,"@haeprism I LOVE YOU ELAINE I WISH YOU WERE THERE !!!!!!! i managed to snag a free ticket on day 2, honestly the best way to go about it is waiting and doing it last minute bc ppl are so desperate to get rid of their tickets",Tue Oct 22 21:52:56 +0000 2024,0,0
1848844779427074216,298,Thursday Clips,"Geoff calls all of thursday ""silver fox zaddies"" at WWWY fest 2024 courtesy of @_fullcollapse https://t.co/1YGREDBXIj",Tue Oct 22 21:51:59 +0000 2024,6,34
1848844752738746435,299,Susan,@daisygrenade LOVED YOU at WWWY!!Iâ€™m a new fan!!! Just got tickets to see you in Philly!  Screw the negativity!,Tue Oct 22 21:51:53 +0000 2024,0,0
1848844389746885053,300,kidajacks,Another successful WWWY ğŸ™Œ,Tue Oct 22 21:50:27 +0000 2024,0,1
1848844366875426923,301,patricinha malvada ğŸ”œ WWWY,"Marx, hoje eu falhei com vc ğŸ˜” https://t.co/xQ7fGSZ4LB",Tue Oct 22 21:50:21 +0000 2024,0,0
1848844335598719006,302,cobra,@daisygrenade they clearly hate fun. iâ€™m glad to be on the side of tiktok where iâ€™m seeing vids of ppl saying they discovered you guys at wwwy and immediately fell in love with yall ğŸ¥°ğŸ¥°ğŸ¥°,Tue Oct 22 21:50:14 +0000 2024,0,1
1848844301423239457,303,mint in vegas !! wwwy festğŸ‰,@insinirate you get me. truly you do. i love them and ur style is so !!! they look so good !!!,Tue Oct 22 21:50:05 +0000 2024,0,0
1848843965585625481,304,morganstarship ğŸ±ğŸ”™ğŸ”›ğŸ”WWWY ğŸ,"This trip to Vegas has been everything!!!!!
 ğŸğŸ–¤ğŸ±ğŸ«§ğŸ« âœ¨ï¸ğŸ§šâ€â™€ï¸ğŸ±ğŸ¥€ğŸ’¥ğŸ¤ğŸ’•ğŸ‘» https://t.co/HEXHN4Vpo2",Tue Oct 22 21:48:45 +0000 2024,0,1
1848843392350097496,305,Jo ğŸ¥€,"I showed my niece my WWWY videos and when she heard one of them screaming and I asked if she liked it she said â€œohâ€¦.. ğŸ˜³â€¦ yes?ğŸ˜…â€ 

Someone come collect this child.",Tue Oct 22 21:46:29 +0000 2024,0,7
1848843098215879147,306,nicole knockerz,all i want is to be at wwwy,Tue Oct 22 21:45:19 +0000 2024,0,0
1848843096424911087,307,ğ“¯ğ“»ğ“®ğ“ªğ“´ğ”‚ KEL,I SPOKE TO A MALE AT WWWY. Storytime...... https://t.co/kvT6XqEBvz,Tue Oct 22 21:45:18 +0000 2024,0,3
1848843033808396676,308,alyssa â˜… WWWY,pov youâ€™re watching cobra starship but can only focus on patrick stump and mikey way https://t.co/QMV5VwHyZH,Tue Oct 22 21:45:03 +0000 2024,0,1
1848842642190205085,309,âœ©â™¬â‚ŠËšsterling ğŸ¦‹ sh + edtwt,oh my godddd guys Gerard was so cute at wwwy (â€˜w`) I luv the lil noises he makes on stage like his â€œsha sha shaâ€ his little sound effects r wonderful they really speak to me,Tue Oct 22 21:43:30 +0000 2024,1,4
1848842436388241531,310,â˜†Folie Ã  Deeâ˜† misses WWWY,@wentzpilledxo SHE THOUGHT IS WAS A MICRO DOSE GET HER OFF THE STAGE SHES SCARED ğŸ˜­ğŸ˜­ğŸ˜­ğŸ˜­ğŸ˜­,Tue Oct 22 21:42:41 +0000 2024,0,9
1848842363814252869,311,K8 ğŸ±âœ¨ğŸƒ WWWY 1&2!!!,"""I need to take more selfies with people this time"" [only took selfie with ooooh chicago]",Tue Oct 22 21:42:24 +0000 2024,0,6
1848842266711908721,312,Jung Says Shit,La vida si castiga 2 veces porque no fui al wwwy en las Vegas y tampoco voy a ir a ver a Ryan Ross ğŸ˜,Tue Oct 22 21:42:00 +0000 2024,0,0
1848842128425947225,313,Ena || WWWY RUINED MY LIFE.,i actually need them so bad wtf ğŸ˜­,Tue Oct 22 21:41:27 +0000 2024,0,0
1848842077389656433,314,indy,"seeing all these clips of MCR at WWWY make me feel so left out man
i would have killed to have been there",Tue Oct 22 21:41:15 +0000 2024,0,0
1848842049828904989,315,iva ğŸ‰ ğŸ”œ WWWY,the album placements were too good bro https://t.co/hiJAFtsgbB,Tue Oct 22 21:41:09 +0000 2024,1,24
1848842026198175957,316,morganstarship ğŸ±ğŸ”™ğŸ”›ğŸ”WWWY ğŸ,@shannon_said https://t.co/QAzGn4pJky,Tue Oct 22 21:41:03 +0000 2024,0,1
1848841965980578107,317,morganstarship ğŸ±ğŸ”™ğŸ”›ğŸ”WWWY ğŸ,@shannon_said You do and I do too. Peep this earring I was wearing at the show and was SCREAMING when that visualizer came up. Also when Patrick was singing EVERY LOVERS GOT A LITTLE DAGGER IN THEIR HAAaaaAAAND I was holding it up and cracking up the people around me.,Tue Oct 22 21:40:49 +0000 2024,0,1
1848841598349537509,318,spooky andy ^-^ misses wwwy.,@CarTouchDeath tytyty,Tue Oct 22 21:39:21 +0000 2024,0,0
1848841456473280908,319,Cecily,Mcrâ€™s wwwy set was really cool but I was also like this in the pit remembering how many times Iâ€™ve had to yell at people not to touch the scrim https://t.co/ytl5UjPacA,Tue Oct 22 21:38:47 +0000 2024,0,2
1848841337904500946,320,âœ°âœ°âœ° Sin âœ°âœ°âœ°,Posting mcr WWWY videos((FW btw)) on my IG btw::::: @/ corncob84845 https://t.co/9v0lOS4z0R,Tue Oct 22 21:38:19 +0000 2024,0,14
1848841227682402599,321,Stayysayy,We found God in a corner of Circus Circus at 6am #WWWY https://t.co/xip64R7d6a,Tue Oct 22 21:37:53 +0000 2024,0,1
1848841198154485791,322,ğŸ©¸ğŸ‡ vampire bunny || WWWY 1&2,like one day that man will stop making music PERIOD and then what? all his other bands AND mcr will be gone and likeâ€¦.youâ€™ll all just twiddle your thumbs staring at each other,Tue Oct 22 21:37:46 +0000 2024,0,0
1848840666580979883,323,sandy ğŸª©ğŸ¦‡,post-wwwy twitter is wild bc WHAT IS THIS????????,Tue Oct 22 21:35:39 +0000 2024,0,1
1848840398418153980,324,HOTEL MIRA,Arriving in vegas and Walking past the wayward hungover emos two days after wwwy wrapped up was such a joyful experience. God Bless you and your fading dyed green hair mâ€™aam and sir.,Tue Oct 22 21:34:35 +0000 2024,0,14
1848840373877314037,325,nikki ğŸ¥€â›“ï¸,"seeing halsey in austin 
https://t.co/FkGgvCrAKF",Tue Oct 22 21:34:29 +0000 2024,1,1
1848840367900393538,326,zoe ğŸ¦–ğŸ± | wwwy day 1+2!,what is fobtwt supposed to do now https://t.co/nWPw0vx8hm,Tue Oct 22 21:34:28 +0000 2024,0,8
1848840277089210736,327,wavey gabey,I know someone who needed to read this before WWWYâ€¦,Tue Oct 22 21:34:06 +0000 2024,0,2
1848840204523868262,328,zoe ğŸ¦–ğŸ± | wwwy day 1+2!,kinda finally hitting me that i have seen my chemical romance live. i never thought that would happen,Tue Oct 22 21:33:49 +0000 2024,0,7
1848839781746176365,329,almond milky,this is the only picture i took where the lighting was good but im thankful for another very fun year at wwwy https://t.co/4aanUHR4hw,Tue Oct 22 21:32:08 +0000 2024,0,13
1848839720975143323,330,single serving tÃ¸ry is NOT @ WWWY ğŸ‰,@paladin_straiit prodigal son done runnin,Tue Oct 22 21:31:53 +0000 2024,0,1
1848839631388676239,331,ryan ğŸ³ï¸â€âš§ï¸,so what if i go to wwwy next year,Tue Oct 22 21:31:32 +0000 2024,0,3
1848839396134617432,332,ğŸ¦‡,"I havent seen good landscape pictures of mcr in wwwy, i wanna set it as my desktop wallpaper",Tue Oct 22 21:30:36 +0000 2024,0,0
1848839345371074813,333,K8 ğŸ±âœ¨ğŸƒ WWWY 1&2!!!,landing on a runway in chicago (for my government mandated layover at mdw),Tue Oct 22 21:30:24 +0000 2024,0,6
1848839325426843680,334,Verg.,"My Chemical Romance - The Sharpest Lives. When We Were Young Night 1 ğŸ¥€ğŸ–¤

#mychemicalromance #mcr #thesharpestlives #wwwy #wwwy2024 #wwwy1 https://t.co/ooD06w1GWB",Tue Oct 22 21:30:19 +0000 2024,0,0
1848839272901841182,335,jefÃ©,I only watched like 2 sets at WWWY and Iâ€™m glad it was @basementuk,Tue Oct 22 21:30:07 +0000 2024,0,2
1848839210238951812,336,will â†¯ WWWY!,at omega mart and this things name is WHAT https://t.co/0PXWWcg8dy,Tue Oct 22 21:29:52 +0000 2024,0,6
1848839162981704145,337,KARAMEL GOIN TO FURPOC 24,curiousity may kill the cat here but i NEED to know of dance gavin dance played death of a strawberry at wwwy because if they did i may go feral,Tue Oct 22 21:29:40 +0000 2024,0,0
1848839136704446804,338,therese êª”Ì¤Ì¥,need to go to wwwy so bad i hate my chungus life,Tue Oct 22 21:29:34 +0000 2024,0,0
1848838874023469288,339,syd ğŸ±âœ¨,never thought i'd be happy to be back where there's humidity but holy shit the desert is not for me,Tue Oct 22 21:28:31 +0000 2024,1,5
1848838828624150996,340,Daisy Grenade,@WWWYFest love you WWWY,Tue Oct 22 21:28:21 +0000 2024,0,20
1848838794591584321,341,syd ğŸ±âœ¨,@nohoneybeez @disloyalorders me too!!!! beautiful things happen in vegas,Tue Oct 22 21:28:13 +0000 2024,0,0
1848838765609161050,342,Lia| WWWY ğŸ–¤,at the airport thinking about max bemis from say anything,Tue Oct 22 21:28:06 +0000 2024,0,5
1848838662596989388,343,ğŸ©¸ğŸ‡ vampire bunny || WWWY 1&2,breaking news apparently: people who love making music will do so and them having multiple projects outside of the band that theyâ€™re most known for is not an attack on fans nor is it a bad thing. yâ€™all are weird.,Tue Oct 22 21:27:41 +0000 2024,0,1
1848838660734521356,344,jac á“šá˜á—¢ â¡ï¸ HALSEY AUSTIN,@mxndapls @sniffer1337 @halsey iâ€™m p sure heâ€™s a scammer so just be careful!,Tue Oct 22 21:27:41 +0000 2024,0,3
1848838552303378488,345,K8 ğŸ±âœ¨ğŸƒ WWWY 1&2!!!,hearing this and then immediately powerwalking back to the pink stage just in time to catch thriller was...... immensely healing To Me https://t.co/qy4Dv1RK3g,Tue Oct 22 21:27:15 +0000 2024,0,5
1848838173046264278,346,syd ğŸ±âœ¨,when we were oomfs fest https://t.co/cz6jFGwFnA,Tue Oct 22 21:25:44 +0000 2024,2,19
1848838124324929633,347,spooky andy ^-^ misses wwwy.,blehhhh :P https://t.co/zNeuylS2qt,Tue Oct 22 21:25:33 +0000 2024,1,15
1848838077730771116,348,jensen ~WWWY 19TH!!~,@SoulPunkStan WAIT I HEARD THATğŸ˜­ğŸ˜­ğŸ˜­ğŸ˜­,Tue Oct 22 21:25:22 +0000 2024,0,1
1848837683889770542,349,jensen ~WWWY 19TH!!~,@salvationshots seeing this part live changed me https://t.co/2Wb0XQg5VL,Tue Oct 22 21:23:48 +0000 2024,0,0
1848837473591300268,350,joel,@theelderemox Just flew from LV to NYC after WWWY and i think my body is quitting on me.,Tue Oct 22 21:22:58 +0000 2024,0,0
1848837429786038370,351,yah,Missing a live performance of cupids chokehold at wwwy is haunting me,Tue Oct 22 21:22:47 +0000 2024,0,0
1848837068446994779,352,KKatsu,"tem muito insider/jornalista falando de my chemical romance 

por mais q esteja no hype por conta do wwwy, estou achando um pouco estranho",Tue Oct 22 21:21:21 +0000 2024,0,0
1848836960967921944,353,Abel Loza,"#WWWY was amazing. I got to see some bands again, some for the very first, and one band that I thought I would never see in a million years (MCR). 

Here is a thread, since service was shit and my phone died halfway through of all the bands I saw and how I rate the performance.",Tue Oct 22 21:20:55 +0000 2024,0,0
1848836909008638188,354,Kate/Kas â†¯ âœˆï¸ WWWY,@foxwatsons @kintsugisquid I bet you a million dollars it was him,Tue Oct 22 21:20:43 +0000 2024,0,1
1848836848187281853,355,jensen ~WWWY 19TH!!~,@theIesbianqueen i said this earlier!! more pete content soon ğŸ™ğŸ™ğŸ™,Tue Oct 22 21:20:28 +0000 2024,0,1
1848836584570749348,356,jack â˜† WWWY DAY 2 :D,like i cannot stop watching this shit https://t.co/hBm5MFx1Xt,Tue Oct 22 21:19:26 +0000 2024,0,3
1848836012304486416,357,"emo,punk,hippie,girl ğŸ‡µğŸ‡¸ğŸ³ï¸â€ğŸŒˆ","I wish you knew me, I wish you could hold me and never let me go I wish you could love me but you canâ€™t, why, because you donâ€™t trust a hoe, you never trust a hoe.
#WWWY #30H3 https://t.co/5Yufe1p4kj",Tue Oct 22 21:17:09 +0000 2024,0,3
1848835942712545354,358,cornsilog ğŸ‡µğŸ‡­ğŸ‡µğŸ‡¸,@qreeky im ngl the one video I recorded at WWWY Iâ€™ve gone back to like 10 times LOL,Tue Oct 22 21:16:53 +0000 2024,0,0
1848835941634396501,359,zoe ğŸ¦–ğŸ± | wwwy day 1+2!,seeing fob day 2 with sydney and bee was kinda one of the highlights about this weekend. i miss them :(,Tue Oct 22 21:16:52 +0000 2024,1,3
1848835744468742650,360,tiff â€¢ paralyzing pcd,tour and wwwy being over has me wanting to book a flight and cancel it for a credit just to feel something ğŸ˜”,Tue Oct 22 21:16:05 +0000 2024,0,1
1848835570178445367,361,a n d y s o u k,"I seriously missed out seeing The Devil Wears Prada perform Plagues at WWWY

That album means a lot to me

I remember buying it at Hot Topic with Chaddie",Tue Oct 22 21:15:24 +0000 2024,0,2
1848835303710015780,362,Lexi âœ¨ WWWY Day 1ï¸âƒ£ & 2ï¸âƒ£,"@offkey_anthem Pierce the Veil, 3OH!3 &amp; Jimmy Eat World!",Tue Oct 22 21:14:20 +0000 2024,0,0
1848835279358201875,363,sarah stanky,"Watching full live sets from WWWY and i honestly don't care that the drops all sound like someone blowing into a phone mic and this person is getting super jostled, this is the true Chiodos concert without ear plugs experience",Tue Oct 22 21:14:14 +0000 2024,0,1
1848833160324518178,364,rÃ¸selynnâ¸†â¸‰,@luckygander gerard on stage at wwwy ğŸ«‚,Tue Oct 22 21:05:49 +0000 2024,0,0
1848833052614795617,365,ã‚µãƒ–ãƒªãƒŠâ™ªâ™« MCR WWWY ğŸ¦‡,"@biologicshows that's so real! music feels more like god to me than anything i've experienced. it speaks to my very soul and i know i'm not the only one, it truly connects people",Tue Oct 22 21:05:24 +0000 2024,0,1
1848832860855128461,366,Molo360,@PITCHF0RKRED I have hope cuz if fall out boy can make an album almost a decade later then so can mcr. Literally almost the entire crowd at wwwy were there for MCR. They are so loved and respected. But i am also okay if it doesnâ€™t happen cuz their happiness matters more.,Tue Oct 22 21:04:38 +0000 2024,0,0
1848832694664540391,367,Leah ğŸ´â€â˜ ï¸ğŸ±ğŸ’œ,shout out to this ASL interpreter during 3OH!3's set because she was also giving a kickass performance https://t.co/tFe8iya4qW,Tue Oct 22 21:03:58 +0000 2024,6,47
1848832636028129701,368,carol ğŸˆâ€â¬›,essa setlist do movements sÃ³ do feel something no wwwy alugou um prÃ©dio de 6 andares na minha cabeÃ§a,Tue Oct 22 21:03:44 +0000 2024,0,0
1848832604528599475,369,of all the gin jordans,to any of my friends who went to wwwy and are also disabled - was your general experience as shit as mine was in terms of accessibility? i think i might end up making a tiktok about it but would love other people's thoughts since i stayed pretty stationary out of necessity,Tue Oct 22 21:03:37 +0000 2024,0,5
1848831977534984450,370,Ajin101,"#WhenWeWereYoung #wwwy2024 #WWWY 

To whoever our new friend in glasses is, I hope this finds you! I didnâ€™t think to exchange contacts to send it to you after we took it! https://t.co/6pXD9KLJey",Tue Oct 22 21:01:07 +0000 2024,0,0
1848831689746755733,371,molly !! ğŸ§›ğŸ»â€â™€ï¸ WWWY D2,wow tonys new pfp is so real!! https://t.co/KGwYjoB94J,Tue Oct 22 20:59:59 +0000 2024,10,62
1848831557005676713,372,âœ¨ğŸ«§,"@roqueadeleon @theelderemox fall out boy *never* agreed to playing any album front to back, even on the initial announcement they and ls dunes were listed with no album. theyâ€™ve said previously even outside of wwwy they wonâ€™t ever do a specific album show. wwwy fucked up with their advertising for sure",Tue Oct 22 20:59:27 +0000 2024,0,1
1848831487606723065,373,Lia| WWWY ğŸ–¤,coughing baby vs hydrogen bomb,Tue Oct 22 20:59:10 +0000 2024,0,9
1848831459915927824,374,jack â˜† WWWY DAY 2 :D,btw why did no fob fan prepare me for life changing smfs is live,Tue Oct 22 20:59:04 +0000 2024,1,3
1848831445013594537,375,molly !! ğŸ§›ğŸ»â€â™€ï¸ WWWY D2,@bombdotcomv1 I was fangirlin so badğŸ˜­,Tue Oct 22 20:59:00 +0000 2024,0,2
1848831415481503796,376,Daisy Grenade Updates!,ğŸ“¸| Daisy Grenade at the Emo Night Brooklyn WWWY sideshow taken by endvrs ğŸŒ¼ğŸ’£ https://t.co/Ug8gP2l2ty,Tue Oct 22 20:58:53 +0000 2024,1,16
1848831288591192251,377,â˜†Folie Ã  Deeâ˜† misses WWWY,@ovrcstkds LMFAOOOOO,Tue Oct 22 20:58:23 +0000 2024,0,0
1848831268735132091,378,â˜†Folie Ã  Deeâ˜† misses WWWY,@snshn_nd_strdst ohâ€¦â€¦..yea https://t.co/W6oj5De8j9,Tue Oct 22 20:58:18 +0000 2024,0,1
1848831056784593292,379,â˜†Folie Ã  Deeâ˜† misses WWWY,@starlesscitay i was so terrified of getting a nosebleed at wwwy omfg ğŸ˜­ğŸ˜­ğŸ˜­,Tue Oct 22 20:57:28 +0000 2024,0,1
1848831012522102974,380,ollie ğŸ«¡ TIT PHILLY 28/11 AND WWWYâ€¼ï¸,@snshn_nd_strdst iâ€™m so broke ğŸ˜­ğŸ˜­ğŸ˜­,Tue Oct 22 20:57:17 +0000 2024,0,2
1848830918334857403,381,â˜†Folie Ã  Deeâ˜† misses WWWY,IM TRYING TO FIND A FONT FOR THIS FUCK ASS BOY SHIRT IM MAKING AND LOOK WHO TF IT IS. I CANT EXCAPE THESE MOTHER FUCKERS ğŸ˜­ğŸ˜­ğŸ˜­ğŸ˜­ğŸ˜­ https://t.co/ndl7ET9e7s,Tue Oct 22 20:56:55 +0000 2024,0,13
1848830744652624358,382,kayğŸ¦‡,this is what gerard should have come out as for encore at wwwy,Tue Oct 22 20:56:13 +0000 2024,1,12
1848830438384742658,383,Lia| WWWY ğŸ–¤,@xbane1998x definitely one of the best sets i saw as well,Tue Oct 22 20:55:00 +0000 2024,0,1
1848829857440141610,384,sunshine â˜€ï¸,"Instagram WWWY video dump if anyone's interested, bc i don't feel like posting them all on here too https://t.co/7g4iqp2x9N",Tue Oct 22 20:52:42 +0000 2024,0,1
1848829800871567484,385,LğŸ¤âœ¨ğŸ’«ğŸ¦‹,wwwy ty ğŸ–¤ğŸ¥² https://t.co/Wmjc0Ovav7,Tue Oct 22 20:52:28 +0000 2024,0,3
1848829253237850463,386,cody :) (going to wwwy!),so heâ€™s just admitting to knowing a sexual predator and just not naming them just bc he wants twitter attention? https://t.co/5xWA7cLtWO,Tue Oct 22 20:50:18 +0000 2024,0,2
1848829116268876229,387,ğŸŒ™ğŸ¥€season of the witch bitchğŸ·ğŸ”®,Iâ€™m like sooooooo happy for everyone that got to see MCR at WWWY BUT it should have been ME. https://t.co/SfoQNwh0R1,Tue Oct 22 20:49:45 +0000 2024,0,0
1848829069120450993,388,jac á“šá˜á—¢ â¡ï¸ HALSEY AUSTIN,I GOT TICKETS TO HALSEY IN AUSTIN LETS FUCKING GOOOOOOO,Tue Oct 22 20:49:34 +0000 2024,0,2
1848828995615313990,389,ollie ğŸ«¡ TIT PHILLY 28/11 AND WWWYâ€¼ï¸,"@daptistic :( the way their hands are in the same order as in the dnpc video :,)",Tue Oct 22 20:49:16 +0000 2024,0,8
1848828917165203654,390,Lia| WWWY ğŸ–¤,@abby_blxck i agree every set i saw was so amazing ğŸ™‚â€â†•ï¸ğŸ™‚â€â†•ï¸,Tue Oct 22 20:48:58 +0000 2024,0,0
1848828814257950938,391,DIO @ WWWY Festival,"my Are You Okay Merch has arrived as well, double yippie #uwumarket https://t.co/cdl5JCbk2q",Tue Oct 22 20:48:33 +0000 2024,0,3
1848828801620578421,392,Lia| WWWY ğŸ–¤,@ginasfsydnee i saw neck deep on friday at the side show it was so fun ğŸ™‚â€â†•ï¸,Tue Oct 22 20:48:30 +0000 2024,0,1
1848828571604894022,393,Lia| WWWY ğŸ–¤,@Luckeep3nny they were literally so much fun,Tue Oct 22 20:47:35 +0000 2024,0,1
1848828487089705182,394,DIO @ WWWY Festival,"My @JupiterHulijing merch has arrived, yippie #uwumarket https://t.co/iw9BRYovWf",Tue Oct 22 20:47:15 +0000 2024,1,3
1848828468693504389,395,Lia| WWWY ğŸ–¤,@cosmicstumph twy was sooo good,Tue Oct 22 20:47:11 +0000 2024,0,1
1848828403652431983,396,Lia| WWWY ğŸ–¤,@speaknowstump i caught a little bit of twy and they were soooo good,Tue Oct 22 20:46:55 +0000 2024,0,0
1848828255413145621,397,jack pack blues WWWY ğŸ…,@thiswickedtown yes,Tue Oct 22 20:46:20 +0000 2024,0,1
1848828174836371825,398,Lia| WWWY ğŸ–¤,@tortureofsmtalk i saw them day 1 they were so fucking good!!,Tue Oct 22 20:46:01 +0000 2024,0,1
1848828049917460745,399,MinnieğŸª½,i deserved to be at wwwy fest we don't get SHIT in the uk hate my stupid british life https://t.co/YzkB0TfNFf,Tue Oct 22 20:45:31 +0000 2024,0,0
1848828038701846691,400,kirsten WWWY,@Sashuke25 they played two panic songs at my gate at LAS,Tue Oct 22 20:45:28 +0000 2024,0,1
1848827901778723211,401,van,yk what wouldve been really crazy if crankthatfrank made an appearance at wwwy he influenced a generation,Tue Oct 22 20:44:56 +0000 2024,0,2
1848827539902324759,402,Maria Vazquez,@daisygrenade I didnâ€™t really know much about you guys until wwwy but I definitely am a fan now! Super glad yall were there and yall killed it!! I hope I get to see yall again!,Tue Oct 22 20:43:29 +0000 2024,0,0
1848827294367781371,403,zoe ğŸ¦–ğŸ± | wwwy day 1+2!,can someone check on feet wentz https://t.co/ukmGHb2w76,Tue Oct 22 20:42:31 +0000 2024,3,16
1848827128738881893,404,morg ğŸ¦‚â›“ï¸ğŸ…ğŸ•Šï¸ğŸ¦Š WWWY!,iso one halsey ticket for brooklyn on friday,Tue Oct 22 20:41:51 +0000 2024,0,3
1848827095415459907,405,Venom ğŸ•·ï¸,"Some WWWY 2024 pics ğŸ¤™ğŸ½ (rest are on IG)

Such an awesome experience ğŸ¸ğŸ”¥ https://t.co/O8RVtQkE5w",Tue Oct 22 20:41:43 +0000 2024,0,2
1848826919703195672,406,â˜†Folie Ã  Deeâ˜† misses WWWY,@theindigoblews THANK YOU OMFG IVE HAD AND IDEA FOR A PARODY OF THIS SHIRT FOREVER AND THIS HAS GIVEN ME THE MOTIVATION TO MAKE IT,Tue Oct 22 20:41:01 +0000 2024,0,1
1848826749959672130,407,Alexander SkarsgÃ¥rd pls dm me,Someone on my flight is wearing their entry bracelet for WWWY festâ€¦. Itâ€™s Tuesday.,Tue Oct 22 20:40:21 +0000 2024,0,1
1848826563196031404,408,â˜†Folie Ã  Deeâ˜† misses WWWY,I MISS MY OOMFS ğŸ˜­ğŸ˜­ğŸ˜­ğŸ˜­ğŸ˜­ I HOPE TO SEE YOU ALL AGAIN SOON WAHHHHHHH,Tue Oct 22 20:39:36 +0000 2024,0,2
1848826470447112533,409,â˜†Folie Ã  Deeâ˜† misses WWWY,@zomegalomaniac I FEEL LIKE MY LIPS ARE GONNA FALL OFF BRO,Tue Oct 22 20:39:14 +0000 2024,0,0
1848826382349934659,410,zoe ğŸ¦–ğŸ± | wwwy day 1+2!,@theacademywas_ YES HOLY SHIT,Tue Oct 22 20:38:53 +0000 2024,0,1
1848826290687689046,411,â˜†Folie Ã  Deeâ˜† misses WWWY,@nohoneybeez REAL,Tue Oct 22 20:38:31 +0000 2024,0,1
1848826248698724596,412,molly !! ğŸ§›ğŸ»â€â™€ï¸ WWWY D2,IVE UNLOCKED THEM ALL I FINALLY GOT A TONY PERRY NOTICE LIFE IS BEAUTIFUL AND JOYOUS!!! https://t.co/ZRa4dM8W3s,Tue Oct 22 20:38:21 +0000 2024,1,44
1848826173121269995,413,K8 ğŸ±âœ¨ğŸƒ WWWY 1&2!!!,I know twt ruins my video quality but I hope they're only extra bad rn because I'm on the plane and not bc uploading them from the plane made them worse lol,Tue Oct 22 20:38:03 +0000 2024,0,1
1848826159875952744,414,âš¡ï¸Rayne Goddess â›§âƒ FINDOM â›§âƒ,"@CosmicCurves Pierce the Veil VIP ğŸ˜­ So much room to flail in the pit. 
The WWWY fest this weekend was also fucking phenomenal. Never in my life did I think Iâ€™d be able to see SIXTEEN of the bands from my childhood live on stage, playing the albums that shaped my childhood. ğŸ–¤ğŸ¤˜ğŸ»",Tue Oct 22 20:38:00 +0000 2024,0,1
1848826119450968235,415,â˜†Folie Ã  Deeâ˜† misses WWWY,@madass_rabbits like was he even trying ğŸ˜­ğŸ˜­ğŸ˜­,Tue Oct 22 20:37:51 +0000 2024,0,0
1848826046264611030,416,alex misses wwwy ğŸ˜­ğŸ˜­,@sydney_blews I HAVE NO MONEY,Tue Oct 22 20:37:33 +0000 2024,0,1
1848825879058866396,417,alex misses wwwy ğŸ˜­ğŸ˜­,@catboygerard I think she likes daisy grenade idk tho,Tue Oct 22 20:36:53 +0000 2024,0,2
1848825804995891460,418,eddie/tech âš™ï¸ wwwy 24 ğŸ¼,im gonna cry i love music so much i love appreciating the people that created my favorite songs in the entire world i love the way that music has saved my life and created so many memories with me and my loved ones i love listening and sharing and screaming these lyrics,Tue Oct 22 20:36:36 +0000 2024,0,0
1848825649064251696,419,Raelee @ WWWY DAY 1 & 2,@iAshtastic They were AMAZING. Would love to see them again!,Tue Oct 22 20:35:58 +0000 2024,0,1
1848825076998934845,420,Ems ğŸ”ªğŸ©¸,I love going through the wwwy socials and seeing comments from people who hate fun and whimsy,Tue Oct 22 20:33:42 +0000 2024,0,5
1848824598420459719,421,Lauren Effect Kid | WWWY ğŸ±âœ¨,@astronaut_rat And it's Patrick approved!,Tue Oct 22 20:31:48 +0000 2024,0,1
1848824522050290002,422,ILYT RONNIE,millionaires at wwwy was awesome but my aunt was with me the whole festival so she heard me screaming millionaires lyrics ğŸ˜­,Tue Oct 22 20:31:30 +0000 2024,0,1
1848824425896100227,423,jack â˜† WWWY DAY 2 :D,@melanieemp4 manifesting for u king,Tue Oct 22 20:31:07 +0000 2024,0,0
1848824400214430010,424,sunshine â˜¾â‹†âºâ‚Šâœ©,@giraffessayrawr i feel the same way about the flannel!! and idk the sh(it) boy shirt in black might also end up being a wwwy-exclusive since the first fall drop sold it in green,Tue Oct 22 20:31:01 +0000 2024,0,0
1848824391741640899,425,gerard lover ğŸ–¤,keep seeing drawings of the wwwy gee photo i wanted to draw ğŸ˜­ğŸ˜­ gotta find another to possibly do,Tue Oct 22 20:30:59 +0000 2024,0,3
1848824264985874820,426,Mikeyikey ğŸ‡µğŸ‡±ğŸ³ï¸â€ğŸŒˆ SAW GINASFS LIVE // WWWY 2,@rufflovin Its okay,Tue Oct 22 20:30:28 +0000 2024,0,1
1848824229547880612,427,Raelee @ WWWY DAY 1 & 2,@theacademywas_ YES OMG,Tue Oct 22 20:30:20 +0000 2024,0,1
1848823760612430179,428,unoriginalchick,battling my dehydration after forgetting my emotional support water bottle at home and failing to hydrate properly yesterday bc of travel. wwwy wiped me out. https://t.co/f9lW6nrjeM,Tue Oct 22 20:28:28 +0000 2024,0,2
1848823597621776462,429,single serving tÃ¸ry is NOT @ WWWY ğŸ‰,my period just started and i think that explains why i was sobbing so hard i kept almost passing out on saturday,Tue Oct 22 20:27:49 +0000 2024,0,1
1848823489597206890,430,sunshine â˜¾â‹†âºâ‚Šâœ©,"@giraffessayrawr i have a feeling there's gonna be a marauder 4.0- basically, the 3.0 color was wwwy-exclusive and there's gonna be another color for the drop

and i am so excited for the earth in chains shirt, literally the only thing i'm planning on getting",Tue Oct 22 20:27:24 +0000 2024,0,0
1848823419988754902,431,molly !! ğŸ§›ğŸ»â€â™€ï¸ WWWY D2,i became tony perry!! https://t.co/pscGoqY6wr,Tue Oct 22 20:27:07 +0000 2024,6,88
1848823349306105857,432,ğŸ¬ #smart SPOOKY olive ğŸˆâ€â¬›,HELP RYAN SEAMAN WAS AT WWWY???? CRYING.,Tue Oct 22 20:26:50 +0000 2024,0,3
1848823057923903905,433,hot girl (nonbinary),i didnâ€™t expect wwwy to trigger a petekey resurgence but here we are,Tue Oct 22 20:25:41 +0000 2024,0,0
1848823010289201381,434,jack â˜† WWWY DAY 2 :D,@melanieemp4 life is so beautiful ğŸ˜­ğŸ™,Tue Oct 22 20:25:29 +0000 2024,0,1
1848822931994120258,435,^_^,So many people at wwwy hating on those with two day bracelets like just get a job :p!,Tue Oct 22 20:25:11 +0000 2024,0,1
1848822695833833860,436,ğŸ§¡__ğŸ’š,"just saw a caption that said ""wwwy, more like when my knees didn't hurt"" but like,, my knees were hurting even then from standing before doors opened skshdkdn idk what yall are talking about",Tue Oct 22 20:24:14 +0000 2024,0,2
1848822476077519210,437,M ğŸ«§ | ğ‘»ğ’‰ğ’† ğ‘®ğ’“ğ’†ğ’š ğŸ©¶,"i keep thinking about how if panic at the disco didnâ€™t go the way they did, then they definitely would have been one of the headliners at wwwy fest playing a fever you canâ€™t sweat out and it would be a recreation of the denver live show in 2006.",Tue Oct 22 20:23:22 +0000 2024,0,2
1848822437531816384,438,chonki,"Apenas esas hubiesen sido suficiente para hacerme feliz, y eso que hay mÃ¡s en el lineup. Maldito sexy y maravilloso WWWY.",Tue Oct 22 20:23:13 +0000 2024,0,0
1848822327674638423,439,single serving tÃ¸ry is NOT @ WWWY ğŸ‰,"If you see this on your tl do it (or donâ€™t idc)

name: Tory
height: 5â€™5
sexuality: Queer 
sign: â™Šï¸â˜€ï¸ â™ï¸ğŸŒ™ â™“ï¸â¬†ï¸
piercings: 5
tattoos: 0

favorite color: red
drink: cherry Pepsi 
food: soup 
animal: binturong
mbti: intp
relationship: killing myself",Tue Oct 22 20:22:47 +0000 2024,0,4
1848822270120366283,440,sara (on tour) LOVES MCR ğŸ–¤â¤ï¸â€ğŸ©¹,Crazy,Tue Oct 22 20:22:33 +0000 2024,0,0
1848822173517156666,441,Lauren Effect Kid | WWWY ğŸ±âœ¨,@sxteencndles Guns are illegal for me - but I've got teeth and nails âœ¨,Tue Oct 22 20:22:10 +0000 2024,0,1
1848822108307996729,442,nick is back,the insane fomo im getting from not seeing wwwy is killing me,Tue Oct 22 20:21:54 +0000 2024,0,0
1848822060492976443,443,hayley ON TOUR!,"now that iâ€™m home from WWWY, i donâ€™t have distractions anymore so im finally really processing Liamâ€™s death. and i donâ€™t know what to do with myself. i donâ€™t know how to process any of this. wtf do i even do man",Tue Oct 22 20:21:43 +0000 2024,0,7
1848821995900731692,444,#smart 2019 gerard way lover å‡»,its 9pm and i was watching mcr playing disenchanted at wwwy and mr brightside just started playing. nobody talk to me. https://t.co/ORnxSXlSEV,Tue Oct 22 20:21:27 +0000 2024,0,5
1848821788949811223,445,Lauren Effect Kid | WWWY ğŸ±âœ¨,"@tortureofsmtalk Omg, that's such a nightmare! I'm so sorry ğŸ˜” I hope you're not too stuck without it.

I'm still in Vegas (until tomorrow night) and figuring out what I'm doing if you're needing someone to hang around with!",Tue Oct 22 20:20:38 +0000 2024,0,1
1848821766795264065,446,â˜†Folie Ã  Deeâ˜† misses WWWY,@L30RA all of fob twt suffering rn ğŸ’”ğŸ’”ğŸ’”,Tue Oct 22 20:20:33 +0000 2024,0,0
1848821618732138882,447,single serving tÃ¸ry is NOT @ WWWY ğŸ‰,@theacademywas_ literally cracked and bleeding everywhere,Tue Oct 22 20:19:58 +0000 2024,0,1
1848821610611912922,448,Jade'sDownfall,If I see one more person speculating if someone performing at WWWY was on drugs (I'm sure you know who) I'm gonna lose my mind. It's not your fucking business. It does not matter. If it came out they were entirely fucking sober I hope you'd feel like absolute dogshit,Tue Oct 22 20:19:56 +0000 2024,0,0
1848821610280833388,449,ğŸ‚ğ’¥â„¯ğ“ˆğ“ˆğŸ‚,"@lu_hli @cclax11 Someone came out of WWWY with a hell of a story about how Kellin Quinn was joking with them about having hooked up with them as a minorâ€¦..allegedly
Bob Bryar made &amp; deleted a tweet saying how he was gonna expose the â€œP Diddy of emoâ€ &amp; how itâ€™s not anyone from the MyChem camp",Tue Oct 22 20:19:55 +0000 2024,0,3
1848821598217977933,450,dami is in the stripped club,@pepsidogonline wwwy resurfacing the loser petekeyer i was,Tue Oct 22 20:19:53 +0000 2024,0,0
1848821430412317004,451,g ğŸ¥€ | wwwy day 1&2,LA te maldigo por quÃ© me estÃ¡s cobrando un ojo y la mitad del otro por un uber matenme,Tue Oct 22 20:19:13 +0000 2024,0,1
1848821266427613292,452,crab ğŸ¦€,getting severe fomo seeing these mcr and fob videos from wwwy.......,Tue Oct 22 20:18:34 +0000 2024,0,0
1848821241374798326,453,ğŸ‚ ollie :3 ğŸ•·ï¸ WWWY 10 / 19,GERARD JUMPING AROUND IS SO ME https://t.co/6XZwJQUbY0,Tue Oct 22 20:18:28 +0000 2024,52,291
1848820973510005207,454,jack â˜† WWWY DAY 2 :D,@melanieemp4 friend won the giveaway ğŸ˜­ğŸ˜­ğŸ˜­,Tue Oct 22 20:17:24 +0000 2024,0,1
1848820967377707421,455,Raelee @ WWWY DAY 1 & 2,@JoshVows Thatâ€™s not how marketing works lmao,Tue Oct 22 20:17:22 +0000 2024,0,0
1848820877942833240,456,winğŸŒ¹ğŸ±ğŸ’œ,does anyone know how much the cland flannel was at wwwy?,Tue Oct 22 20:17:01 +0000 2024,0,0
1848820528926122023,457,ğŸ‚ ollie :3 ğŸ•·ï¸ WWWY 10 / 19,@sa1ntofthedn1al SPREAD PEACE AND LPVE,Tue Oct 22 20:15:38 +0000 2024,0,0
1848820491210969552,458,ğŸ‚ ollie :3 ğŸ•·ï¸ WWWY 10 / 19,@sa1ntofthedn1al HELP MEEE,Tue Oct 22 20:15:29 +0000 2024,0,0
1848820438723653684,459,Lauren Effect Kid | WWWY ğŸ±âœ¨,@eMJayIRL I bet grown Pete had the intrusive thought at least once this summer,Tue Oct 22 20:15:16 +0000 2024,0,18
1848820407496778113,460,Raelee @ WWWY DAY 1 & 2,@JoshVows Iâ€™m reciting to you something they literally said but okay,Tue Oct 22 20:15:09 +0000 2024,0,0
1848820353650593873,461,Ness ğŸ’€,"Ya know whatâ€™s sad, after the WWWY fest I take that long drive home and end up having to call out of work, I was barely alive but I felt like bandom refreshed. Decided to share media with home mates and was immediately shut down. Also was criticized for â€˜not paying attentionâ€™",Tue Oct 22 20:14:56 +0000 2024,0,0
1848820150868353035,462,ğŸ‚ ollie :3 ğŸ•·ï¸ WWWY 10 / 19,ALEX I SAW THAT @sa1ntofthedn1al,Tue Oct 22 20:14:08 +0000 2024,0,1
1848820142043541663,463,syd ğŸ±âœ¨,@offkey_anthem 3oh!3 or neck deep ğŸ™‚â†•ï¸,Tue Oct 22 20:14:05 +0000 2024,0,1
1848820086808973454,464,Lauren Effect Kid | WWWY ğŸ±âœ¨,@ThatAlienGirl I'm glad this has resonated with so many people - bc no disrespect to ADTR but realising I had to stand for one more hour before FOB was soul crushing BC I was so ready after Jimmy ğŸ¥²,Tue Oct 22 20:13:52 +0000 2024,0,0
1848820021176197469,465,Damon,"Anyone who tries to go after a band after such a monumental moment in their careers can kindly eff off. 

Daisy Grenade is one of the most fun acts in the scene right now and, from everything Iâ€™ve seen, absolutely killed it both days. 

They more than deserve to be at WWWY.",Tue Oct 22 20:13:37 +0000 2024,0,1
1848819973118169466,466,kirsten WWWY,@theacademywas_ literally meeee i donâ€™t know if itâ€™s like the air or what but itâ€™s so gross,Tue Oct 22 20:13:25 +0000 2024,0,1
1848819938657767434,467,syd ğŸ±âœ¨,ppl talking about trying to get a chargeback for WWWY cause not all bands played thru their advertised album omg just put the fries in the bag bro,Tue Oct 22 20:13:17 +0000 2024,0,8
1848819841412612582,468,Madi ğŸ§ƒ (#1 pope heyward stan),that was literally me this weekend during the wwwy fest,Tue Oct 22 20:12:54 +0000 2024,0,1
1848819710273409503,469,syd ğŸ±âœ¨,@safetypin_ria almost everyone i saw played their full albums give or take a song so now what...,Tue Oct 22 20:12:22 +0000 2024,0,0
1848819710185640189,470,spooky andy ^-^ misses wwwy.,the implication that every album has a skip is soooo bs clancy is a no skip album,Tue Oct 22 20:12:22 +0000 2024,2,3
1848819355968278565,471,Mikeyikey ğŸ‡µğŸ‡±ğŸ³ï¸â€ğŸŒˆ SAW GINASFS LIVE // WWWY 2,@Michaelll413 Thats crazy we shoukd kiss,Tue Oct 22 20:10:58 +0000 2024,0,1
1848819245712347439,472,reid ğŸ«§ missing wwwyf 18,listening to this is almost like being back at wwwy https://t.co/8q2BSN3IHk,Tue Oct 22 20:10:32 +0000 2024,0,6
1848819223650570608,473,Lauren Effect Kid | WWWY ğŸ±âœ¨,@SoulPunkVocals The most ironic band name given how many of us forgot about their set,Tue Oct 22 20:10:26 +0000 2024,0,3
1848819206151934260,474,K8 ğŸ±âœ¨ğŸƒ WWWY 1&2!!!,"words to live by:
â€¢ make some noise for fall out boy
â€¢ smoke weed everyday https://t.co/W8eM6tD8UC",Tue Oct 22 20:10:22 +0000 2024,4,29
1848819137880986101,475,â˜†Folie Ã  Deeâ˜† misses WWWY,ts is so painful wtf,Tue Oct 22 20:10:06 +0000 2024,0,0
1848819113038422266,476,Mikeyikey ğŸ‡µğŸ‡±ğŸ³ï¸â€ğŸŒˆ SAW GINASFS LIVE // WWWY 2,@Michaelll413 Okay MICHAEL,Tue Oct 22 20:10:00 +0000 2024,0,1
1848819083405627649,477,â˜†Folie Ã  Deeâ˜† misses WWWY,anyone elseâ€™s lips chapped and dry as fuck after being in vegas ğŸ˜­ğŸ˜­ğŸ˜­,Tue Oct 22 20:09:53 +0000 2024,1,70
1848819055353815045,478,àª‡ áµâ±Ë¢Ë¢ àª‰,"evitando TikTok para que no me salga nada de wwwy ayer, Y HOY LO PRIMERO QUE ME SALE es fob y mcr, petekey y los videos de a day to remember ğŸ˜­ğŸ˜­ğŸ˜­ğŸ˜­",Tue Oct 22 20:09:46 +0000 2024,0,0
1848818999053734097,479,â˜†Folie Ã  Deeâ˜† misses WWWY,"FOB TAKE A BREAK SO I CAN GET MY MONEY UP TO KEEP GIVING IT TO YOU, A BITCH IS BROKE AFTER SEEING YALL 3 TIMES THIS YEAR (2 being festivals)",Tue Oct 22 20:09:33 +0000 2024,0,18
1848818869340934516,480,Lauren Effect Kid | WWWY ğŸ±âœ¨,@Marmallowco He yelled it with such a confidence too ğŸ˜­,Tue Oct 22 20:09:02 +0000 2024,0,4
1848818750981865879,481,single serving tÃ¸ry is NOT @ WWWY ğŸ‰,what if i said i listened to dunes for anthony and tucker and i actually dgaf about frank being in the band,Tue Oct 22 20:08:34 +0000 2024,0,10
1848818728462614681,482,â˜†Folie Ã  Deeâ˜† misses WWWY,"you swan, he frog  https://t.co/v43EgqAG1C",Tue Oct 22 20:08:28 +0000 2024,11,31
1848818635172942343,483,Mikeyikey ğŸ‡µğŸ‡±ğŸ³ï¸â€ğŸŒˆ SAW GINASFS LIVE // WWWY 2,"INTERESTS â™¡
Music;
- My chemical romance
- Decaydance 
- Thursday, Saves the day, Pencey.  prep, Silent majority, at the drive-in, taking back sunday, brand new
- Punk music; especially polish punk
+ WAY MORE

- Zero day
- Game of thrones
- walking dead
- supernatural
+ MORE",Tue Oct 22 20:08:06 +0000 2024,0,2
1848818605095587953,484,molly !! ğŸ§›ğŸ»â€â™€ï¸ WWWY D2,@Elqivzz The punk rock museum in vegas!!,Tue Oct 22 20:07:59 +0000 2024,0,7
1848818588859437209,485,Lia| WWWY ğŸ–¤,if you went to wwwy what was your favorite set you saw (besides like fob or mcr) mine was the devil wears prada ğŸ™‚â€â†•ï¸ğŸ™‚â€â†•ï¸ğŸ™‚â€â†•ï¸,Tue Oct 22 20:07:55 +0000 2024,0,33
1848818392029106359,486,â˜†Folie Ã  Deeâ˜† misses WWWY,every tongue that rises against carr and daisy grenade will eventually fall,Tue Oct 22 20:07:08 +0000 2024,2,14
1848818310353453548,487,Lauren Effect Kid | WWWY ğŸ±âœ¨,"@daisygrenade It's always the people without any of their own talent who have the loudest opinions about how other folk should be using theirs too ğŸ˜’ 

My jetlagged ass raced halfway across Vegas just to try and make your set, and was devastated to just miss you guys by the time I got in ğŸ¥²",Tue Oct 22 20:06:49 +0000 2024,0,1
1848818172561862732,488,Raelee @ WWWY DAY 1 & 2,@SoulPunkStan LMAOOOOOOO,Tue Oct 22 20:06:16 +0000 2024,0,1
1848818149157966260,489,Casey & Court,"How our bodies felt the day after #wwwy #wwwy24 
VLOG COMING TONIGHT with tons of #MCRWWWY #mcr #fob #ptv and many, many more!! ğŸ» https://t.co/MpPUHIYF0L",Tue Oct 22 20:06:10 +0000 2024,0,3
1848817736627220834,490,bekah â˜¯ï¸ mourning the SMFS era,"sitting on the plane, using my clan flannel as a blanket, and busting at the seams with emotions about just everything. gonna reflect and write about the smfs era as a whole during my flight. will share later, but for now: know I love all of you so so so much ğŸ¥¹ğŸ–¤ https://t.co/cab6XJ56Mx",Tue Oct 22 20:04:32 +0000 2024,0,16
1848817363468055017,491,â˜†Folie Ã  Deeâ˜† misses WWWY,@Marmallowco being shorter than all of fob is my greatest weakness,Tue Oct 22 20:03:03 +0000 2024,0,1
1848817258480468028,492,ğŸ¬ #smart SPOOKY olive ğŸˆâ€â¬›,just rewatched mcrs wwwy set day 1+2 https://t.co/4NbzC0eUbI,Tue Oct 22 20:02:38 +0000 2024,2,7
1848817110698312048,493,âœ°âœ°âœ° Sin âœ°âœ°âœ°,Gonna post my wwwy fest videos today guyssssğŸ¤­ğŸ¤­ğŸ¤­,Tue Oct 22 20:02:03 +0000 2024,0,2
1848817101416407416,494,Matt âœ¨,@bokotarous no bc the wwwy fest has meâ€¦â€¦ https://t.co/Uq8epvsnZC,Tue Oct 22 20:02:00 +0000 2024,0,1
1848816889008468196,495,â˜†Folie Ã  Deeâ˜† misses WWWY,why gay saporta sound like shit from a butt?,Tue Oct 22 20:01:10 +0000 2024,3,60
1848816573605413175,496,â˜†Folie Ã  Deeâ˜† misses WWWY,@theindigoblews REAL AS FUCK,Tue Oct 22 19:59:55 +0000 2024,0,0
1848816469934575957,497,Gabe ğŸ–¤ğŸ‡µğŸ‡¸ğŸ‰,@daisygrenade I saw some of your guys set on a live stream and  you guys were great! just because some of us may not listen to you guys regularly or some people may not enjoy your music doesn't mean you guys aren't worthy of playing the festival. you guys definitely deserved to play wwwy ğŸ«¶ğŸ¾,Tue Oct 22 19:59:30 +0000 2024,0,0
1848816440574361705,498,â˜†Folie Ã  Deeâ˜† misses WWWY,"If you see this on your tl do it 

name: Dee
height: 5â€™0 ğŸ’”
sexuality: lebanese 
sign: cancer 
piercings: 10
tattoos: 1

favorite color: red thatâ€™s almost black
drink: dr pepper 
food: chips and cheese 
animal: cat
mbti: idk ğŸ˜­ğŸ˜­ğŸ˜­
relationship: Single",Tue Oct 22 19:59:23 +0000 2024,0,1
1848816204598689965,499,K8 ğŸ±âœ¨ğŸƒ WWWY 1&2!!!,the lick lick salute has the drone in it ğŸ˜­ğŸ˜­ğŸ˜­ https://t.co/NGeslP9Q3b,Tue Oct 22 19:58:27 +0000 2024,6,32
1848816043646718353,500,bekah â˜¯ï¸ mourning the SMFS era,iâ€™m going to riot if a pic doesnâ€™t surface soon,Tue Oct 22 19:57:48 +0000 2024,0,0
1848816015108673670,501,To Be Loved,"@ThePopStuff 2016
love on the brain - 15m
WWWY - 13m",Tue Oct 22 19:57:41 +0000 2024,0,4
1848815776268226614,502,jax ğ–¤,wwwy gerard has changed me i am a better person because of them,Tue Oct 22 19:56:45 +0000 2024,1,7
1848815712875262281,503,â˜†Folie Ã  Deeâ˜† misses WWWY,people saying that to one of the few women bands playing is some of the most rancid degenerate shit ever,Tue Oct 22 19:56:29 +0000 2024,0,6
1848815349531283691,504,à«®áŠâ˜…â„â„â˜…ê’±áƒ,m stoi pudriendo por dentro viendo los videos del wwwy gerard way the man you are...,Tue Oct 22 19:55:03 +0000 2024,0,0
